"Dealership Name",VIN,Year,Make,Model,Trim,"Vehicle Status","Stock Number","Date In stock","VDP URLs"
"Lou Fusz Evansville",JM3KJDHA1S1103006,2025,Mazda,"CX-70 PHEV","Premium Package",,WM250002L,2024-06-05,https://www.fuszevansville.com/inventory/new-2025-mazda-cx-70-phev-premium-package-awd-sport-utility-jm3kjdha1s1103006/
"Lou Fusz Evansville",JM3KJEHA0S1104749,2025,Mazda,"CX-70 PHEV","Premium Plus Package",,WM250007L,2024-06-05,https://www.fuszevansville.com/inventory/new-2025-mazda-cx-70-phev-premium-plus-package-awd-sport-utility-jm3kjeha0s1104749/
"Lou Fusz Evansville",KNDNE5K35T6571223,2026,Kia,Carnival,"SX Prestige",,E675022,2025-08-01,https://www.fuszevansville.com/inventory/new-2026-kia-carnival-sx-prestige-fwd-4d-passenger-van-kndne5k35t6571223/
"Lou Fusz Evansville",KNDNE5KA5T6106861,2026,Kia,"Carnival MPV Hybrid",SX,,E678041,2025-09-03,https://www.fuszevansville.com/inventory/new-2026-kia-carnival-mpv-hybrid-sx-fwd-4d-passenger-van-kndne5ka5t6106861/
"Lou Fusz Evansville",KNDNE5KA8T6108376,2026,Kia,"Carnival MPV Hybrid",SX,,E678049,2025-09-09,https://www.fuszevansville.com/inventory/new-2026-kia-carnival-mpv-hybrid-sx-fwd-4d-passenger-van-kndne5ka8t6108376/
"Lou Fusz Evansville",7MMVAADW2SN139432,2025,Mazda,"CX-50 Hybrid","Premium Package",,WM250520L,2025-08-18,https://www.fuszevansville.com/inventory/new-2025-mazda-cx-50-hybrid-premium-package-awd-sport-utility-7mmvaadw2sn139432/
"Lou Fusz Evansville",KNDNE5K39T6587196,2026,Kia,Carnival,"SX Prestige",,E675045,2025-10-04,https://www.fuszevansville.com/inventory/new-2026-kia-carnival-sx-prestige-fwd-4d-passenger-van-kndne5k39t6587196/
"Lou Fusz Evansville",7MMVAADW3TN144799,2026,Mazda,"CX-50 Hybrid",Premium,,WM260004L,2025-09-26,https://www.fuszevansville.com/inventory/new-2026-mazda-cx-50-hybrid-premium-awd-sport-utility-7mmvaadw3tn144799/
"Lou Fusz Evansville",3MVDMBCLXTM108147,2026,Mazda,CX-30,"2.5 S Preferred",,WM260011,2025-10-16,https://www.fuszevansville.com/inventory/new-2026-mazda-cx-30-2-5-s-preferred-awd-sport-utility-3mvdmbclxtm108147/
"Lou Fusz Evansville",5XYRL4JC8TG434390,2026,Kia,Sorento,S,,E677053,2025-11-12,https://www.fuszevansville.com/inventory/new-2026-kia-sorento-s-fwd-4d-sport-utility-5xyrl4jc8tg434390/
"Lou Fusz Evansville",5XYRL4JC9TG434026,2026,Kia,Sorento,S,,E677060,2025-11-13,https://www.fuszevansville.com/inventory/new-2026-kia-sorento-s-fwd-4d-sport-utility-5xyrl4jc9tg434026/
"Lou Fusz Evansville",JM3KKCHA1T1356951,2026,Mazda,"CX-90 PHEV","Premium Sport",,WM260029,2025-12-09,https://www.fuszevansville.com/inventory/new-2026-mazda-cx-90-phev-premium-sport-awd-sport-utility-jm3kkcha1t1356951/
"Lou Fusz Evansville",JM3KFBCM5S0780475,2025,Mazda,CX-5,"2.5 S Carbon Edition",,WM250590L,2025-12-09,https://www.fuszevansville.com/inventory/new-2025-mazda-cx-5-2-5-s-carbon-edition-awd-sport-utility-jm3kfbcm5s0780475/
"Lou Fusz Evansville",5XYRLDJC1TG439589,2026,Kia,Sorento,S,,E677080,2025-12-04,https://www.fuszevansville.com/inventory/new-2026-kia-sorento-s-awd-4d-sport-utility-5xyrldjc1tg439589/
"Lou Fusz Evansville",5XYRLDJC9TG439694,2026,Kia,Sorento,S,,E677078,2025-12-04,https://www.fuszevansville.com/inventory/new-2026-kia-sorento-s-awd-4d-sport-utility-5xyrldjc9tg439694/
"Lou Fusz Evansville",KNDNE5KA1T6140313,2026,Kia,"Carnival MPV Hybrid","SX Prestige",,E678068,2025-12-27,https://www.fuszevansville.com/inventory/new-2026-kia-carnival-mpv-hybrid-sx-prestige-fwd-4d-passenger-van-kndne5ka1t6140313/
"Lou Fusz Evansville",JM3KKDHC4T1367210,2026,Mazda,CX-90,"S Premium Sport",,WM260059L,2026-01-05,https://www.fuszevansville.com/inventory/new-2026-mazda-cx-90-s-premium-sport-awd-sport-utility-jm3kkdhc4t1367210/
"Lou Fusz Evansville",JM3KKCHA2T1364539,2026,Mazda,"CX-90 PHEV","Premium Sport",,WM260062L,2025-12-26,https://www.fuszevansville.com/inventory/new-2026-mazda-cx-90-phev-premium-sport-awd-sport-utility-jm3kkcha2t1364539/
"Lou Fusz Evansville",7MMVAADW2TN156765,2026,Mazda,"CX-50 Hybrid",Premium,,WM260072,2025-12-31,https://www.fuszevansville.com/inventory/new-2026-mazda-cx-50-hybrid-premium-awd-sport-utility-7mmvaadw2tn156765/
"Lou Fusz Evansville",JM3KJDHD7T1202635,2026,Mazda,CX-70,"3.3 Turbo Premium",,WM260075,2025-12-31,https://www.fuszevansville.com/inventory/new-2026-mazda-cx-70-3-3-turbo-premium-awd-sport-utility-jm3kjdhd7t1202635/
"Lou Fusz Evansville",JM3KKEHD1T1369785,2026,Mazda,CX-90,"Premium Plus",,WM260154,2026-03-02,https://www.fuszevansville.com/inventory/new-2026-mazda-cx-90-premium-plus-awd-sport-utility-jm3kkehd1t1369785/
"Lou Fusz Evansville",JM3KKDHCXT1370211,2026,Mazda,CX-90,"S Premium Sport",,WM260080,2025-12-31,https://www.fuszevansville.com/inventory/new-2026-mazda-cx-90-s-premium-sport-awd-sport-utility-jm3kkdhcxt1370211/
"Lou Fusz Evansville",JM1BPBNY5T1860067,2026,Mazda,"Mazda3 Hatchback","2.5 Turbo Premium Plus",,WM260084L,2025-12-31,https://www.fuszevansville.com/inventory/new-2026-mazda-mazda3-hatchback-2-5-turbo-premium-plus-awd-hatchback-jm1bpbny5t1860067/
"Lou Fusz Evansville",JM3KKEHA2T1371633,2026,Mazda,"CX-90 PHEV","Premium Plus",,WM260083L,2025-12-31,https://www.fuszevansville.com/inventory/new-2026-mazda-cx-90-phev-premium-plus-awd-sport-utility-jm3kkeha2t1371633/
"Lou Fusz Evansville",KNDNC5KA0T6145914,2026,Kia,"Carnival MPV Hybrid",EX,,P3687,2026-01-24,https://www.fuszevansville.com/inventory/new-2026-kia-carnival-mpv-hybrid-ex-fwd-4d-passenger-van-kndnc5ka0t6145914/
"Lou Fusz Evansville",KNAG64J74T5457009,2026,Kia,K5,"GT-Line AWD",,E672075,2026-01-28,https://www.fuszevansville.com/inventory/new-2026-kia-k5-gt-line-awd-awd-4d-sedan-knag64j74t5457009/
"Lou Fusz Evansville",KNDNC5KA4T6145916,2026,Kia,"Carnival MPV Hybrid",EX,,E678077,2026-02-06,https://www.fuszevansville.com/inventory/new-2026-kia-carnival-mpv-hybrid-ex-fwd-4d-passenger-van-kndnc5ka4t6145916/
"Lou Fusz Evansville",JM1BPALLXT1863645,2026,Mazda,"Mazda3 Hatchback","2.5 S Preferred",,WM260091,2026-02-04,https://www.fuszevansville.com/inventory/new-2026-mazda-mazda3-hatchback-2-5-s-preferred-fwd-hatchback-jm1bpallxt1863645/
"Lou Fusz Evansville",JM1BPALL5T1863438,2026,Mazda,"Mazda3 Hatchback","2.5 S Preferred",,WM260090,2026-02-04,https://www.fuszevansville.com/inventory/new-2026-mazda-mazda3-hatchback-2-5-s-preferred-fwd-hatchback-jm1bpall5t1863438/
"Lou Fusz Evansville",3MVDMBCL9TM126977,2026,Mazda,CX-30,"2.5 S Carbon Edition",,WM260093,2026-02-12,https://www.fuszevansville.com/inventory/new-2026-mazda-cx-30-2-5-s-carbon-edition-awd-sport-utility-3mvdmbcl9tm126977/
"Lou Fusz Evansville",5XYPLES16VG003107,2027,Kia,Telluride,"X-Pro SX-Prestige",,E782004,2026-01-30,https://www.fuszevansville.com/inventory/new-2027-kia-telluride-x-pro-sx-prestige-awd-4d-sport-utility-5xyples16vg003107/
"Lou Fusz Evansville",KNDNC5K35T6624511,2026,Kia,"Carnival MPV",EX,,E675062,2026-02-24,https://www.fuszevansville.com/inventory/new-2026-kia-carnival-mpv-ex-fwd-4d-passenger-van-kndnc5k35t6624511/
"Lou Fusz Evansville",JM3KKEHC0T1375374,2026,Mazda,CX-90,"S Premium Plus",,WM260100,2026-02-19,https://www.fuszevansville.com/inventory/new-2026-mazda-cx-90-s-premium-plus-awd-sport-utility-jm3kkehc0t1375374/
"Lou Fusz Evansville",3MVDMBCL1TM121577,2026,Mazda,CX-30,"2.5 S Aire Edition",,WM260102,2026-02-12,https://www.fuszevansville.com/inventory/new-2026-mazda-cx-30-2-5-s-aire-edition-awd-sport-utility-3mvdmbcl1tm121577/
"Lou Fusz Evansville",JM1BPBNY4T1866345,2026,Mazda,"Mazda3 Hatchback","2.5 Turbo Premium Plus",,WM260103,2026-03-04,https://www.fuszevansville.com/inventory/new-2026-mazda-mazda3-hatchback-2-5-turbo-premium-plus-awd-hatchback-jm1bpbny4t1866345/
"Lou Fusz Evansville",7MMVAAEW2TN163777,2026,Mazda,"CX-50 Hybrid","Premium Plus",,WM260126,2026-02-25,https://www.fuszevansville.com/inventory/new-2026-mazda-cx-50-hybrid-premium-plus-awd-sport-utility-7mmvaaew2tn163777/
"Lou Fusz Evansville",JM3KKCHD6T1377997,2026,Mazda,CX-90,"Premium Sport",,WM260130,2026-03-04,https://www.fuszevansville.com/inventory/new-2026-mazda-cx-90-premium-sport-awd-sport-utility-jm3kkchd6t1377997/
"Lou Fusz Evansville",JM3KJEHCXT1205378,2026,Mazda,CX-70,"3.3 Turbo S Premium Plus",,WM260135,2026-03-09,https://www.fuszevansville.com/inventory/new-2026-mazda-cx-70-3-3-turbo-s-premium-plus-awd-sport-utility-jm3kjehcxt1205378/
"Lou Fusz Evansville",KNAG64J7XT5470122,2026,Kia,K5,"GT-Line AWD",,E672085,2026-03-17,https://www.fuszevansville.com/inventory/new-2026-kia-k5-gt-line-awd-awd-4d-sedan-knag64j7xt5470122/
"Lou Fusz Evansville",5XYRKDJF3TG456522,2026,Kia,Sorento,"X-Line SX Prestige",,E677085,2026-02-28,https://www.fuszevansville.com/inventory/new-2026-kia-sorento-x-line-sx-prestige-awd-4d-sport-utility-5xyrkdjf3tg456522/
"Lou Fusz Evansville",5XYRKDJF3TG456665,2026,Kia,Sorento,"X-Line SX Prestige",,E677086,2026-03-05,https://www.fuszevansville.com/inventory/new-2026-kia-sorento-x-line-sx-prestige-awd-4d-sport-utility-5xyrkdjf3tg456665/
"Lou Fusz Evansville",5XYPLES12VG021801,2027,Kia,Telluride,"X-Pro SX-Prestige",,E782026,2026-03-05,https://www.fuszevansville.com/inventory/new-2027-kia-telluride-x-pro-sx-prestige-awd-4d-sport-utility-5xyples12vg021801/
"Lou Fusz Evansville",5XYK6CDF9TG421317,2026,Kia,Sportage,X-Line,,E670127,2026-03-05,https://www.fuszevansville.com/inventory/new-2026-kia-sportage-x-line-awd-4d-sport-utility-5xyk6cdf9tg421317/
"Lou Fusz Evansville",JM3KJDHCXT1205472,2026,Mazda,CX-70,"3.3 Turbo S Premium",,WM260142,2026-03-16,https://www.fuszevansville.com/inventory/new-2026-mazda-cx-70-3-3-turbo-s-premium-awd-sport-utility-jm3kjdhcxt1205472/
"Lou Fusz Evansville",7MMVAAEW5TN164955,2026,Mazda,"CX-50 Hybrid","Premium Plus",,WM260152,2026-03-03,https://www.fuszevansville.com/inventory/new-2026-mazda-cx-50-hybrid-premium-plus-awd-sport-utility-7mmvaaew5tn164955/
"Lou Fusz Evansville",7MMVAADW5TN165038,2026,Mazda,"CX-50 Hybrid",Premium,,WM260151,2026-03-03,https://www.fuszevansville.com/inventory/new-2026-mazda-cx-50-hybrid-premium-awd-sport-utility-7mmvaadw5tn165038/
"Lou Fusz Evansville",KNDPVDDG9T7363407,2026,Kia,"Sportage Hybrid",EX,,E676041,2026-03-19,https://www.fuszevansville.com/inventory/new-2026-kia-sportage-hybrid-ex-awd-4d-sport-utility-kndpvddg9t7363407/
"Lou Fusz Evansville",KNDNE5K32T6625741,2026,Kia,"Carnival MPV",SX,,E675069,2026-03-17,https://www.fuszevansville.com/inventory/new-2026-kia-carnival-mpv-sx-fwd-4d-passenger-van-kndne5k32t6625741/
"Lou Fusz Evansville",5XYRKDJF7TG456622,2026,Kia,Sorento,"X-Line SX Prestige",,E677089,2026-03-05,https://www.fuszevansville.com/inventory/new-2026-kia-sorento-x-line-sx-prestige-awd-4d-sport-utility-5xyrkdjf7tg456622/
"Lou Fusz Evansville",3MVDMBDL1TM116166,2026,Mazda,CX-30,"2.5 S Premium",,WM260158L,2026-03-02,https://www.fuszevansville.com/inventory/new-2026-mazda-cx-30-2-5-s-premium-awd-sport-utility-3mvdmbdl1tm116166/
"Lou Fusz Evansville",7MMVAADW8TN161663,2026,Mazda,"CX-50 Hybrid",Premium,,WM260155,2026-03-02,https://www.fuszevansville.com/inventory/new-2026-mazda-cx-50-hybrid-premium-awd-sport-utility-7mmvaadw8tn161663/
"Lou Fusz Evansville",JM3KKCHA8T1378171,2026,Mazda,"CX-90 PHEV","Premium Sport",,WM260162,2026-03-16,https://www.fuszevansville.com/inventory/new-2026-mazda-cx-90-phev-premium-sport-awd-sport-utility-jm3kkcha8t1378171/
"Lou Fusz Evansville",JM3KKDHCXT1380558,2026,Mazda,CX-90,"S Premium Sport",,WM260163,2026-03-16,https://www.fuszevansville.com/inventory/new-2026-mazda-cx-90-s-premium-sport-awd-sport-utility-jm3kkdhcxt1380558/
"Lou Fusz Evansville",JM3KKDHC9T1380793,2026,Mazda,CX-90,"S Premium Sport",,WM260164,2026-03-16,https://www.fuszevansville.com/inventory/new-2026-mazda-cx-90-s-premium-sport-awd-sport-utility-jm3kkdhc9t1380793/
"Lou Fusz Evansville",JM3KKEHC3T1381010,2026,Mazda,CX-90,"S Premium Plus",,WM260165,2026-03-16,https://www.fuszevansville.com/inventory/new-2026-mazda-cx-90-s-premium-plus-awd-sport-utility-jm3kkehc3t1381010/
"Lou Fusz Evansville",7MMVAADW0TN165609,2026,Mazda,"CX-50 Hybrid",Premium,,WM260171L,2026-03-06,https://www.fuszevansville.com/inventory/new-2026-mazda-cx-50-hybrid-premium-awd-sport-utility-7mmvaadw0tn165609/
"Lou Fusz Evansville",KNDNE5K38T6625551,2026,Kia,"Carnival MPV",SX,,E675071,2026-03-24,https://www.fuszevansville.com/inventory/new-2026-kia-carnival-mpv-sx-fwd-4d-passenger-van-kndne5k38t6625551/
"Lou Fusz Evansville",KNDEUCAA0T7939163,2026,Kia,Seltos,S,,E683053,2026-03-20,https://www.fuszevansville.com/inventory/new-2026-kia-seltos-s-awd-4d-sport-utility-kndeucaa0t7939163/
"Lou Fusz Evansville",5XYK6CDF4TG423847,2026,Kia,Sportage,X-Line,,E670129,2026-03-13,https://www.fuszevansville.com/inventory/new-2026-kia-sportage-x-line-awd-4d-sport-utility-5xyk6cdf4tg423847/
"Lou Fusz Evansville",5XYK53DF5TG424654,2026,Kia,Sportage,SX-Prestige,,E670128,2026-03-12,https://www.fuszevansville.com/inventory/new-2026-kia-sportage-sx-prestige-fwd-4d-sport-utility-5xyk53df5tg424654/
"Lou Fusz Evansville",KNDNC5K37T6633050,2026,Kia,"Carnival MPV",EX,,E675074,2026-03-27,https://www.fuszevansville.com/inventory/new-2026-kia-carnival-mpv-ex-fwd-4d-passenger-van-kndnc5k37t6633050/
"Lou Fusz Evansville",KNDNC5K38T6632232,2026,Kia,"Carnival MPV",EX,,E675075,2026-03-27,https://www.fuszevansville.com/inventory/new-2026-kia-carnival-mpv-ex-fwd-4d-passenger-van-kndnc5k38t6632232/
"Lou Fusz Evansville",KNDRHDJG3T5494834,2026,Kia,"Sorento Hybrid",EX,,E684015,2026-03-25,https://www.fuszevansville.com/inventory/new-2026-kia-sorento-hybrid-ex-awd-4d-sport-utility-kndrhdjg3t5494834/
"Lou Fusz Evansville",KNDEUCAA7T7945851,2026,Kia,Seltos,S,,E683056,2026-03-24,https://www.fuszevansville.com/inventory/new-2026-kia-seltos-s-awd-4d-sport-utility-kndeucaa7t7945851/
"Lou Fusz Evansville",KNDNC5K31T6632430,2026,Kia,"Carnival MPV",EX,,E675072,2026-03-27,https://www.fuszevansville.com/inventory/new-2026-kia-carnival-mpv-ex-fwd-4d-passenger-van-kndnc5k31t6632430/
"Lou Fusz Evansville",5XYK7CDFXTG425342,2026,Kia,Sportage,"X-Pro Prestige",,E670131,2026-03-13,https://www.fuszevansville.com/inventory/new-2026-kia-sportage-x-pro-prestige-awd-4d-sport-utility-5xyk7cdfxtg425342/
"Lou Fusz Evansville",KNAG64J7XT5478981,2026,Kia,K5,"GT-Line AWD",,E672089,2026-03-29,https://www.fuszevansville.com/inventory/new-2026-kia-k5-gt-line-awd-awd-4d-sedan-knag64j7xt5478981/
"Lou Fusz Evansville",3KPFU4DE6TE311634,2026,Kia,K4,EX,,E674010,2026-03-29,https://www.fuszevansville.com/inventory/new-2026-kia-k4-ex-fwd-4d-sedan-3kpfu4de6te311634/
"Lou Fusz Evansville",7MMVABDL3TN486152,2026,Mazda,CX-50,"2.5 S Premium",,WM260179,2026-03-16,https://www.fuszevansville.com/inventory/new-2026-mazda-cx-50-2-5-s-premium-awd-sport-utility-7mmvabdl3tn486152/
"Lou Fusz Evansville",5XYPLES12VG023743,2027,Kia,Telluride,"X-Pro SX-Prestige",,E782030,2026-03-17,https://www.fuszevansville.com/inventory/new-2027-kia-telluride-x-pro-sx-prestige-awd-4d-sport-utility-5xyples12vg023743/
"Lou Fusz Evansville",5XYK33DF8TG420524,2026,Kia,Sportage,EX,,E670139,2026-03-17,https://www.fuszevansville.com/inventory/new-2026-kia-sportage-ex-fwd-4d-sport-utility-5xyk33df8tg420524/
"Lou Fusz Evansville",5XYRKDJF8TG460842,2026,Kia,Sorento,"X-Line SX Prestige",,E677091,2026-03-17,https://www.fuszevansville.com/inventory/new-2026-kia-sorento-x-line-sx-prestige-awd-4d-sport-utility-5xyrkdjf8tg460842/
"Lou Fusz Evansville",5XYK33DF6TG423079,2026,Kia,Sportage,EX,,E670136,2026-03-17,https://www.fuszevansville.com/inventory/new-2026-kia-sportage-ex-fwd-4d-sport-utility-5xyk33df6tg423079/
"Lou Fusz Evansville",JM3KMEHA6T0104088,2026,Mazda,CX-5,"2.5 S Premium Plus",,WM260190,2026-03-30,https://www.fuszevansville.com/inventory/new-2026-mazda-cx-5-2-5-s-premium-plus-awd-sport-utility-jm3kmeha6t0104088/
"Lou Fusz Evansville",JM3KKEHD9T1382218,2026,Mazda,CX-90,"Premium Plus",,WM260193,2026-03-30,https://www.fuszevansville.com/inventory/new-2026-mazda-cx-90-premium-plus-awd-sport-utility-jm3kkehd9t1382218/
"Lou Fusz Evansville",KNAG64J75T5482713,2026,Kia,K5,"GT-Line AWD",,E672088,2026-03-27,https://www.fuszevansville.com/inventory/new-2026-kia-k5-gt-line-awd-awd-4d-sedan-knag64j75t5482713/
"Lou Fusz Evansville",KNDEUCAA7T7945834,2026,Kia,Seltos,S,,E683058,2026-03-29,https://www.fuszevansville.com/inventory/new-2026-kia-seltos-s-awd-4d-sport-utility-kndeucaa7t7945834/
"Lou Fusz Evansville",JM3KMCHA5T0110260,2026,Mazda,CX-5,"2.5 S Preferred",,WM260197,2026-04-03,https://www.fuszevansville.com/inventory/new-2026-mazda-cx-5-2-5-s-preferred-awd-sport-utility-jm3kmcha5t0110260/
"Lou Fusz Evansville",JM3KMCHA0T0108559,2026,Mazda,CX-5,"2.5 S Preferred",,WM260202,2026-04-03,https://www.fuszevansville.com/inventory/new-2026-mazda-cx-5-2-5-s-preferred-awd-sport-utility-jm3kmcha0t0108559/
"Lou Fusz Evansville",JM3KJAHF3T1350944,2026,Mazda,"CX-70 PHEV",SC,,WM260196,2026-04-08,https://www.fuszevansville.com/inventory/new-2026-mazda-cx-70-phev-sc-awd-sport-utility-jm3kjahf3t1350944/
"Lou Fusz Evansville",JM3KJCHF1T1351148,2026,Mazda,"CX-70 PHEV","SC Plus",,WM260200,2026-04-08,https://www.fuszevansville.com/inventory/new-2026-mazda-cx-70-phev-sc-plus-awd-sport-utility-jm3kjchf1t1351148/
"Lou Fusz Evansville",JM3KJEHC5T1206325,2026,Mazda,CX-70,"3.3 Turbo S Premium Plus",,WM260204,2026-04-03,https://www.fuszevansville.com/inventory/new-2026-mazda-cx-70-3-3-turbo-s-premium-plus-awd-sport-utility-jm3kjehc5t1206325/
"Lou Fusz Evansville",7MMVAADW0TN167974,2026,Mazda,"CX-50 Hybrid",Premium,,WM260210,2026-03-23,https://www.fuszevansville.com/inventory/new-2026-mazda-cx-50-hybrid-premium-awd-sport-utility-7mmvaadw0tn167974/
"Lou Fusz Evansville",JM3KMCHA8T0109913,2026,Mazda,CX-5,"2.5 S Preferred",,WM260215L,2026-04-08,https://www.fuszevansville.com/inventory/new-2026-mazda-cx-5-2-5-s-preferred-awd-sport-utility-jm3kmcha8t0109913/
"Lou Fusz Evansville",3MVDMBCL4TM131245,2026,Mazda,CX-30,"2.5 S Carbon Edition",,WM260216,2026-04-03,https://www.fuszevansville.com/inventory/new-2026-mazda-cx-30-2-5-s-carbon-edition-awd-sport-utility-3mvdmbcl4tm131245/
"Lou Fusz Evansville",5XYK33DF1TG425600,2026,Kia,Sportage,EX,,E670143,2026-03-25,https://www.fuszevansville.com/inventory/new-2026-kia-sportage-ex-fwd-4d-sport-utility-5xyk33df1tg425600/
"Lou Fusz Evansville",5XYK33DF6TG425639,2026,Kia,Sportage,EX,,E670142,2026-03-25,https://www.fuszevansville.com/inventory/new-2026-kia-sportage-ex-fwd-4d-sport-utility-5xyk33df6tg425639/
"Lou Fusz Evansville",KNAG64J78T5484164,2026,Kia,K5,"GT-Line AWD",,E672091,2026-04-10,https://www.fuszevansville.com/inventory/new-2026-kia-k5-gt-line-awd-awd-4d-sedan-knag64j78t5484164/
"Lou Fusz Evansville",5XYK33DF1TG429470,2026,Kia,Sportage,EX,,E670152,2026-03-29,https://www.fuszevansville.com/inventory/new-2026-kia-sportage-ex-fwd-4d-sport-utility-5xyk33df1tg429470/
"Lou Fusz Evansville",5XYK33DF6TG429321,2026,Kia,Sportage,EX,,E670147,2026-03-29,https://www.fuszevansville.com/inventory/new-2026-kia-sportage-ex-fwd-4d-sport-utility-5xyk33df6tg429321/
"Lou Fusz Evansville",5XYRHDJF0TG464964,2026,Kia,Sorento,"X-Line EX",,E677097,2026-03-29,https://www.fuszevansville.com/inventory/new-2026-kia-sorento-x-line-ex-awd-4d-sport-utility-5xyrhdjf0tg464964/
"Lou Fusz Evansville",KNDNC5KA7T6166596,2026,Kia,"Carnival MPV Hybrid",EX,,E678080,2026-04-10,https://www.fuszevansville.com/inventory/new-2026-kia-carnival-mpv-hybrid-ex-fwd-4d-passenger-van-kndnc5ka7t6166596/
"Lou Fusz Evansville",KNDPUDDG5T7366582,2026,Kia,"Sportage Hybrid",S,,E676047,2026-04-10,https://www.fuszevansville.com/inventory/new-2026-kia-sportage-hybrid-s-awd-4d-sport-utility-kndpuddg5t7366582/
"Lou Fusz Evansville",KNDPVDDG3T7369154,2026,Kia,"Sportage Hybrid",EX,,E676044,2026-04-10,https://www.fuszevansville.com/inventory/new-2026-kia-sportage-hybrid-ex-awd-4d-sport-utility-kndpvddg3t7369154/
"Lou Fusz Evansville",5XYK33DF2TG431695,2026,Kia,Sportage,EX,,E670157,2026-03-31,https://www.fuszevansville.com/inventory/new-2026-kia-sportage-ex-fwd-4d-sport-utility-5xyk33df2tg431695/
"Lou Fusz Evansville",5XYK33DF6TG426807,2026,Kia,Sportage,EX,,E670156,2026-03-31,https://www.fuszevansville.com/inventory/new-2026-kia-sportage-ex-fwd-4d-sport-utility-5xyk33df6tg426807/
"Lou Fusz Evansville",5XYK6CDF9TG431510,2026,Kia,Sportage,X-Line,,E670154,2026-03-31,https://www.fuszevansville.com/inventory/new-2026-kia-sportage-x-line-awd-4d-sport-utility-5xyk6cdf9tg431510/
"Lou Fusz Evansville",JM3KKEHC8T1386655,2026,Mazda,CX-90,"S Premium Plus",,WM260225,2026-04-09,https://www.fuszevansville.com/inventory/new-2026-mazda-cx-90-s-premium-plus-awd-sport-utility-jm3kkehc8t1386655/
"Lou Fusz Evansville",JM3KMCHAXT0109251,2026,Mazda,CX-5,"2.5 S Preferred",,WM260226,2026-04-09,https://www.fuszevansville.com/inventory/new-2026-mazda-cx-5-2-5-s-preferred-awd-sport-utility-jm3kmchaxt0109251/
"Lou Fusz Evansville",JM3KMDHA7T0103204,2026,Mazda,CX-5,"2.5 S Premium",,WM260223,2026-04-09,https://www.fuszevansville.com/inventory/new-2026-mazda-cx-5-2-5-s-premium-awd-sport-utility-jm3kmdha7t0103204/
"Lou Fusz Evansville",JM3KJCHF1T1351909,2026,Mazda,"CX-70 PHEV","SC Plus",,WM260221,2026-04-08,https://www.fuszevansville.com/inventory/new-2026-mazda-cx-70-phev-sc-plus-awd-sport-utility-jm3kjchf1t1351909/
"Lou Fusz Evansville",7MMVABBL8TN488983,2026,Mazda,CX-50,"2.5 S Preferred",,WM260232,2026-03-31,https://www.fuszevansville.com/inventory/new-2026-mazda-cx-50-2-5-s-preferred-awd-sport-utility-7mmvabbl8tn488983/
"Lou Fusz Evansville",JM3KJAHF8T1351748,2026,Mazda,"CX-70 PHEV",SC,,WM260234,2026-04-13,https://www.fuszevansville.com/inventory/new-2026-mazda-cx-70-phev-sc-awd-sport-utility-jm3kjahf8t1351748/
"Lou Fusz Evansville",KNDEU2AA3T7950913,2026,Kia,Seltos,S,,E683061,2026-04-10,https://www.fuszevansville.com/inventory/new-2026-kia-seltos-s-fwd-4d-sport-utility-kndeu2aa3t7950913/
"Lou Fusz Evansville",KNDEUCAA5T7953608,2026,Kia,Seltos,S,,E683063,2026-04-12,https://www.fuszevansville.com/inventory/new-2026-kia-seltos-s-awd-4d-sport-utility-kndeucaa5t7953608/
"Lou Fusz Evansville",KNDEUCAA8T7950296,2026,Kia,Seltos,S,,E683065,2026-04-12,https://www.fuszevansville.com/inventory/new-2026-kia-seltos-s-awd-4d-sport-utility-kndeucaa8t7950296/
"Lou Fusz Evansville",KNDNC5KA6T6167321,2026,Kia,"Carnival MPV Hybrid",EX,,E678081,2026-04-10,https://www.fuszevansville.com/inventory/new-2026-kia-carnival-mpv-hybrid-ex-fwd-4d-passenger-van-kndnc5ka6t6167321/
"Lou Fusz Evansville",KNDERCAA8T7951319,2026,Kia,Seltos,EX,,E683064,2026-04-12,https://www.fuszevansville.com/inventory/new-2026-kia-seltos-ex-awd-4d-sport-utility-kndercaa8t7951319/
"Lou Fusz Evansville",5XYK33DF7TG419588,2026,Kia,Sportage,EX,,E670164,2026-04-02,https://www.fuszevansville.com/inventory/new-2026-kia-sportage-ex-fwd-4d-sport-utility-5xyk33df7tg419588/
"Lou Fusz Evansville",5XYK6CDF1TG431498,2026,Kia,Sportage,X-Line,,E670158,2026-04-02,https://www.fuszevansville.com/inventory/new-2026-kia-sportage-x-line-awd-4d-sport-utility-5xyk6cdf1tg431498/
"Lou Fusz Evansville",5XYK6CDF3TG432653,2026,Kia,Sportage,X-Line,,E670160,2026-04-02,https://www.fuszevansville.com/inventory/new-2026-kia-sportage-x-line-awd-4d-sport-utility-5xyk6cdf3tg432653/
"Lou Fusz Evansville",KNAG64J72T5476982,2026,Kia,K5,"GT-Line AWD",,E672094,2026-04-12,https://www.fuszevansville.com/inventory/new-2026-kia-k5-gt-line-awd-awd-4d-sedan-knag64j72t5476982/
"Lou Fusz Evansville",5XYK6CDF7TG432252,2026,Kia,Sportage,X-Line,,E670163,2026-04-02,https://www.fuszevansville.com/inventory/new-2026-kia-sportage-x-line-awd-4d-sport-utility-5xyk6cdf7tg432252/
"Lou Fusz Evansville",KNDER2AA1T7952712,2026,Kia,Seltos,EX,,E683062,2026-04-12,https://www.fuszevansville.com/inventory/new-2026-kia-seltos-ex-fwd-4d-sport-utility-knder2aa1t7952712/
"Lou Fusz Evansville",JM3KKCHD1T1387398,2026,Mazda,CX-90,"Premium Sport",,WM260260,2026-04-22,https://www.fuszevansville.com/inventory/new-2026-mazda-cx-90-premium-sport-awd-sport-utility-jm3kkchd1t1387398/
"Lou Fusz Evansville",JM3KKDHC6T1387376,2026,Mazda,CX-90,"S Premium Sport",,WM260259,2026-04-20,https://www.fuszevansville.com/inventory/new-2026-mazda-cx-90-s-premium-sport-awd-sport-utility-jm3kkdhc6t1387376/
"Lou Fusz Evansville",JM3KKDHC9T1387310,2026,Mazda,CX-90,"S Premium Sport",,WM260257,2026-04-22,https://www.fuszevansville.com/inventory/new-2026-mazda-cx-90-s-premium-sport-awd-sport-utility-jm3kkdhc9t1387310/
"Lou Fusz Evansville",JM3KKEHD7T1387496,2026,Mazda,CX-90,"Premium Plus",,WM260262,2026-04-22,https://www.fuszevansville.com/inventory/new-2026-mazda-cx-90-premium-plus-awd-sport-utility-jm3kkehd7t1387496/
"Lou Fusz Evansville",JM3KMDHA2T0121965,2026,Mazda,CX-5,"2.5 S Premium",,WM260245,2026-04-16,https://www.fuszevansville.com/inventory/new-2026-mazda-cx-5-2-5-s-premium-awd-sport-utility-jm3kmdha2t0121965/
"Lou Fusz Evansville",KNDNC5KA9T6166857,2026,Kia,"Carnival MPV Hybrid",EX,,E678082,2026-04-15,https://www.fuszevansville.com/inventory/new-2026-kia-carnival-mpv-hybrid-ex-fwd-4d-passenger-van-kndnc5ka9t6166857/
"Lou Fusz Evansville",KNDNE5K30T6636933,2026,Kia,"Carnival MPV",SX,,E675078,2026-04-15,https://www.fuszevansville.com/inventory/new-2026-kia-carnival-mpv-sx-fwd-4d-passenger-van-kndne5k30t6636933/
"Lou Fusz Evansville",KNDEUCAA2T7953226,2026,Kia,Seltos,S,,E2683069,2026-04-20,https://www.fuszevansville.com/inventory/new-2026-kia-seltos-s-awd-4d-sport-utility-kndeucaa2t7953226/
"Lou Fusz Evansville",5XYK33DF9TG430690,2026,Kia,Sportage,EX,,E670167,2026-04-04,https://www.fuszevansville.com/inventory/new-2026-kia-sportage-ex-fwd-4d-sport-utility-5xyk33df9tg430690/
"Lou Fusz Evansville",KNDEUCAA7T7950516,2026,Kia,Seltos,S,,E2683074,2026-04-28,https://www.fuszevansville.com/inventory/new-2026-kia-seltos-s-awd-4d-sport-utility-kndeucaa7t7950516/
"Lou Fusz Evansville",KNDNC5KA2T6166943,2026,Kia,"Carnival MPV Hybrid",EX,,E678083,2026-04-16,https://www.fuszevansville.com/inventory/new-2026-kia-carnival-mpv-hybrid-ex-fwd-4d-passenger-van-kndnc5ka2t6166943/
"Lou Fusz Evansville",KNDNE5K32T6636934,2026,Kia,"Carnival MPV",SX,,E675079,2026-04-16,https://www.fuszevansville.com/inventory/new-2026-kia-carnival-mpv-sx-fwd-4d-passenger-van-kndne5k32t6636934/
"Lou Fusz Evansville",5XYRHDJF3TG465364,2026,Kia,Sorento,EX,,E677099,2026-04-04,https://www.fuszevansville.com/inventory/new-2026-kia-sorento-ex-awd-4d-sport-utility-5xyrhdjf3tg465364/
"Lou Fusz Evansville",KNDER2AAXT7953244,2026,Kia,Seltos,EX,,E683068,2026-04-16,https://www.fuszevansville.com/inventory/new-2026-kia-seltos-ex-fwd-4d-sport-utility-knder2aaxt7953244/
"Lou Fusz Evansville",5XYK6CDF1TG432750,2026,Kia,Sportage,X-Line,,E670170,2026-04-07,https://www.fuszevansville.com/inventory/new-2026-kia-sportage-x-line-awd-4d-sport-utility-5xyk6cdf1tg432750/
"Lou Fusz Evansville",7MMVAAEW1TN169702,2026,Mazda,"CX-50 Hybrid","Premium Plus",,WM260267,2026-04-10,https://www.fuszevansville.com/inventory/new-2026-mazda-cx-50-hybrid-premium-plus-awd-sport-utility-7mmvaaew1tn169702/
"Lou Fusz Evansville",KNDEU2AA8T7951989,2026,Kia,Seltos,S,,E2683073,2026-04-24,https://www.fuszevansville.com/inventory/new-2026-kia-seltos-s-fwd-4d-sport-utility-kndeu2aa8t7951989/
"Lou Fusz Evansville",KNDPVDDG9T7382135,2026,Kia,"Sportage Hybrid",EX,,E2676054,2026-04-24,https://www.fuszevansville.com/inventory/new-2026-kia-sportage-hybrid-ex-awd-4d-sport-utility-kndpvddg9t7382135/
"Lou Fusz Evansville",KNDNC5K35T6632222,2026,Kia,"Carnival MPV",EX,,E2675080,2026-04-23,https://www.fuszevansville.com/inventory/new-2026-kia-carnival-mpv-ex-fwd-4d-passenger-van-kndnc5k35t6632222/
"Lou Fusz Evansville",KNAG64J79T5491544,2026,Kia,K5,"GT-Line AWD",,E2672096,2026-04-23,https://www.fuszevansville.com/inventory/new-2026-kia-k5-gt-line-awd-awd-4d-sedan-knag64j79t5491544/
"Lou Fusz Evansville",KNDCP3LE0T5365741,2026,Kia,Niro,LX,,E2673002,2026-04-20,https://www.fuszevansville.com/inventory/new-2026-kia-niro-lx-fwd-4d-sport-utility-kndcp3le0t5365741/
"Lou Fusz Evansville",KNDCP3LE3T5366060,2026,Kia,Niro,LX,,E2673001,2026-04-20,https://www.fuszevansville.com/inventory/new-2026-kia-niro-lx-fwd-4d-sport-utility-kndcp3le3t5366060/
"Lou Fusz Evansville",3KPFT4DE4TE319623,2026,Kia,K4,LXS,,E2674021,2026-04-29,https://www.fuszevansville.com/inventory/new-2026-kia-k4-lxs-fwd-4d-sedan-3kpft4de4te319623/
"Lou Fusz Evansville",KNDEUCAA8T7953408,2026,Kia,Seltos,S,,E2683070,2026-04-20,https://www.fuszevansville.com/inventory/new-2026-kia-seltos-s-awd-4d-sport-utility-kndeucaa8t7953408/
"Lou Fusz Evansville",KNDNC5KA0T6167525,2026,Kia,"Carnival MPV Hybrid",EX,,E2678087,2026-04-23,https://www.fuszevansville.com/inventory/new-2026-kia-carnival-mpv-hybrid-ex-fwd-4d-passenger-van-kndnc5ka0t6167525/
"Lou Fusz Evansville",KNDNC5KA0T6168318,2026,Kia,"Carnival MPV Hybrid",EX,,E2678084,2026-04-20,https://www.fuszevansville.com/inventory/new-2026-kia-carnival-mpv-hybrid-ex-fwd-4d-passenger-van-kndnc5ka0t6168318/
"Lou Fusz Evansville",KNDNC5KA6T6167058,2026,Kia,"Carnival MPV Hybrid",EX,,E2678086,2026-04-23,https://www.fuszevansville.com/inventory/new-2026-kia-carnival-mpv-hybrid-ex-fwd-4d-passenger-van-kndnc5ka6t6167058/
"Lou Fusz Evansville",KNDNC5KA9T6168320,2026,Kia,"Carnival MPV Hybrid",EX,,E2678085,2026-04-20,https://www.fuszevansville.com/inventory/new-2026-kia-carnival-mpv-hybrid-ex-fwd-4d-passenger-van-kndnc5ka9t6168320/
"Lou Fusz Evansville",5XYRL4JC6TG463631,2026,Kia,Sorento,S,,E677103,2026-04-12,https://www.fuszevansville.com/inventory/new-2026-kia-sorento-s-fwd-4d-sport-utility-5xyrl4jc6tg463631/
"Lou Fusz Evansville",5XYRL4JCXTG467083,2026,Kia,Sorento,S,,E677105,2026-04-12,https://www.fuszevansville.com/inventory/new-2026-kia-sorento-s-fwd-4d-sport-utility-5xyrl4jcxtg467083/
"Lou Fusz Evansville",5XYRLDJC3TG466857,2026,Kia,Sorento,S,,E677104,2026-04-12,https://www.fuszevansville.com/inventory/new-2026-kia-sorento-s-awd-4d-sport-utility-5xyrldjc3tg466857/
"Lou Fusz Evansville",5XYK6CDF1TG434613,2026,Kia,Sportage,X-Line,,E670171,2026-04-12,https://www.fuszevansville.com/inventory/new-2026-kia-sportage-x-line-awd-4d-sport-utility-5xyk6cdf1tg434613/
"Lou Fusz Evansville",5XYK6CDF7TG435328,2026,Kia,Sportage,X-Line,,E670172,2026-04-12,https://www.fuszevansville.com/inventory/new-2026-kia-sportage-x-line-awd-4d-sport-utility-5xyk6cdf7tg435328/
"Lou Fusz Evansville",JM3KMCHA1T0130635,2026,Mazda,CX-5,"2.5 S Preferred",,WM260269,2026-04-30,https://www.fuszevansville.com/inventory/new-2026-mazda-cx-5-2-5-s-preferred-awd-sport-utility-jm3kmcha1t0130635/
"Lou Fusz Evansville",KNAG64J72T5483673,2026,Kia,K5,"GT-Line AWD",,E2672099,2026-04-28,https://www.fuszevansville.com/inventory/new-2026-kia-k5-gt-line-awd-awd-4d-sedan-knag64j72t5483673/
"Lou Fusz Evansville",KNAG64J78T5485055,2026,Kia,K5,"GT-Line AWD",,E2672104,2026-05-07,https://www.fuszevansville.com/inventory/new-2026-kia-k5-gt-line-awd-awd-4d-sedan-knag64j78t5485055/
"Lou Fusz Evansville",7MMVABCY4TN494497,2026,Mazda,CX-50,"2.5 Turbo",,WM260273,2026-04-16,https://www.fuszevansville.com/inventory/new-2026-mazda-cx-50-2-5-turbo-awd-sport-utility-7mmvabcy4tn494497/
"Lou Fusz Evansville",7MMVABXL7TN494301,2026,Mazda,CX-50,"2.5 S Meridian Edition",,WM260272,2026-04-16,https://www.fuszevansville.com/inventory/new-2026-mazda-cx-50-2-5-s-meridian-edition-awd-sport-utility-7mmvabxl7tn494301/
"Lou Fusz Evansville",KNAG64J72T5496245,2026,Kia,K5,"GT-Line AWD",,E2672116,2026-05-21,https://www.fuszevansville.com/inventory/new-2026-kia-k5-gt-line-awd-awd-4d-sedan-knag64j72t5496245/
"Lou Fusz Evansville",KNAG64J70T5496275,2026,Kia,K5,"GT-Line AWD",,E2672117,2026-05-23,https://www.fuszevansville.com/inventory/new-2026-kia-k5-gt-line-awd-awd-4d-sedan-knag64j70t5496275/
"Lou Fusz Evansville",JM3KMDHA4T0131106,2026,Mazda,CX-5,"2.5 S Premium",,WM260278L,2026-04-30,https://www.fuszevansville.com/inventory/new-2026-mazda-cx-5-2-5-s-premium-awd-sport-utility-jm3kmdha4t0131106/
"Lou Fusz Evansville",7MMVABBL0TN495653,2026,Mazda,CX-50,"2.5 S Preferred",,WM260283,2026-04-21,https://www.fuszevansville.com/inventory/new-2026-mazda-cx-50-2-5-s-preferred-awd-sport-utility-7mmvabbl0tn495653/
"Lou Fusz Evansville",7MMVABDLXTN495723,2026,Mazda,CX-50,"2.5 S Premium",,WM260281,2026-04-21,https://www.fuszevansville.com/inventory/new-2026-mazda-cx-50-2-5-s-premium-awd-sport-utility-7mmvabdlxtn495723/
"Lou Fusz Evansville",KNAG64J75T5495302,2026,Kia,K5,"GT-Line AWD",,E2672105,2026-05-07,https://www.fuszevansville.com/inventory/new-2026-kia-k5-gt-line-awd-awd-4d-sedan-knag64j75t5495302/
"Lou Fusz Evansville",3KPFT4DE2TE338168,2026,Kia,K4,LXS,,E2674029,2026-05-20,https://www.fuszevansville.com/inventory/new-2026-kia-k4-lxs-fwd-4d-sedan-3kpft4de2te338168/
"Lou Fusz Evansville",5XYK6CDF0TG438457,2026,Kia,Sportage,X-Line,,E2670174,2026-04-28,https://www.fuszevansville.com/inventory/new-2026-kia-sportage-x-line-awd-4d-sport-utility-5xyk6cdf0tg438457/
"Lou Fusz Evansville",5XYK6CDF9TG438991,2026,Kia,Sportage,X-Line,,E2670176,2026-04-28,https://www.fuszevansville.com/inventory/new-2026-kia-sportage-x-line-awd-4d-sport-utility-5xyk6cdf9tg438991/
"Lou Fusz Evansville",7MMVAABW0TN172384,2026,Mazda,"CX-50 Hybrid",Preferred,,WM260297,2026-04-28,https://www.fuszevansville.com/inventory/new-2026-mazda-cx-50-hybrid-preferred-awd-sport-utility-7mmvaabw0tn172384/
"Lou Fusz Evansville",7MMVABDL7TN496604,2026,Mazda,CX-50,"2.5 S Premium",,WM260295,2026-04-28,https://www.fuszevansville.com/inventory/new-2026-mazda-cx-50-2-5-s-premium-awd-sport-utility-7mmvabdl7tn496604/
"Lou Fusz Evansville",7MMVABDL8TN496949,2026,Mazda,CX-50,"2.5 S Premium",,WM260294,2026-04-28,https://www.fuszevansville.com/inventory/new-2026-mazda-cx-50-2-5-s-premium-awd-sport-utility-7mmvabdl8tn496949/
"Lou Fusz Evansville",7MMVABDL9TN497124,2026,Mazda,CX-50,"2.5 S Premium",,WM260296,2026-04-28,https://www.fuszevansville.com/inventory/new-2026-mazda-cx-50-2-5-s-premium-awd-sport-utility-7mmvabdl9tn497124/
"Lou Fusz Evansville",JM3KMCHA9T0139762,2026,Mazda,CX-5,"2.5 S Preferred",,WM260298,2026-05-05,https://www.fuszevansville.com/inventory/new-2026-mazda-cx-5-2-5-s-preferred-awd-sport-utility-jm3kmcha9t0139762/
"Lou Fusz Evansville",JM3KMCHAXT0138216,2026,Mazda,CX-5,"2.5 S Preferred",,WM260304,2026-05-21,https://www.fuszevansville.com/inventory/new-2026-mazda-cx-5-2-5-s-preferred-awd-sport-utility-jm3kmchaxt0138216/
"Lou Fusz Evansville",JM3KMDHA3T0135387,2026,Mazda,CX-5,"2.5 S Premium",,WM260302,2026-05-11,https://www.fuszevansville.com/inventory/new-2026-mazda-cx-5-2-5-s-premium-awd-sport-utility-jm3kmdha3t0135387/
"Lou Fusz Evansville",KNDNC5KA5T6167536,2026,Kia,"Carnival MPV Hybrid",EX,,E2678089,2026-05-11,https://www.fuszevansville.com/inventory/new-2026-kia-carnival-mpv-hybrid-ex-fwd-4d-passenger-van-kndnc5ka5t6167536/
"Lou Fusz Evansville",KNDPVDDG0T7391841,2026,Kia,"Sportage Hybrid",X-Line,,E2676057,2026-05-11,https://www.fuszevansville.com/inventory/new-2026-kia-sportage-hybrid-x-line-awd-4d-sport-utility-kndpvddg0t7391841/
"Lou Fusz Evansville",3KPFW4DE2TE322737,2026,Kia,K4,GT-Line,,E2674023,2026-05-01,https://www.fuszevansville.com/inventory/new-2026-kia-k4-gt-line-fwd-4d-sedan-3kpfw4de2te322737/
"Lou Fusz Evansville",KNDEUCAA0T7955279,2026,Kia,Seltos,S,,E2683075,2026-05-11,https://www.fuszevansville.com/inventory/new-2026-kia-seltos-s-awd-4d-sport-utility-kndeucaa0t7955279/
"Lou Fusz Evansville",5XYK33DF1TG441442,2026,Kia,Sportage,EX,,E2670180,2026-05-03,https://www.fuszevansville.com/inventory/new-2026-kia-sportage-ex-fwd-4d-sport-utility-5xyk33df1tg441442/
"Lou Fusz Evansville",5XYK33DF2TG439389,2026,Kia,Sportage,EX,,E2670177,2026-05-03,https://www.fuszevansville.com/inventory/new-2026-kia-sportage-ex-fwd-4d-sport-utility-5xyk33df2tg439389/
"Lou Fusz Evansville",5XYK33DF4TG440544,2026,Kia,Sportage,EX,,E2670179,2026-05-03,https://www.fuszevansville.com/inventory/new-2026-kia-sportage-ex-fwd-4d-sport-utility-5xyk33df4tg440544/
"Lou Fusz Evansville",5XYK6CDF2TG440906,2026,Kia,Sportage,X-Line,,E2670178,2026-05-03,https://www.fuszevansville.com/inventory/new-2026-kia-sportage-x-line-awd-4d-sport-utility-5xyk6cdf2tg440906/
"Lou Fusz Evansville",KNAG24J72T5486732,2026,Kia,K5,"LXS FWD",,E2672109,2026-05-13,https://www.fuszevansville.com/inventory/new-2026-kia-k5-lxs-fwd-fwd-4d-sedan-knag24j72t5486732/
"Lou Fusz Evansville",5XYRKDJF0TG465808,2026,Kia,Sorento,"X-Line SX Prestige",,E2677109,2026-05-03,https://www.fuszevansville.com/inventory/new-2026-kia-sorento-x-line-sx-prestige-awd-4d-sport-utility-5xyrkdjf0tg465808/
"Lou Fusz Evansville",5XYRKDJF2TG466183,2026,Kia,Sorento,"X-Line SX Prestige",,E2677108,2026-05-03,https://www.fuszevansville.com/inventory/new-2026-kia-sorento-x-line-sx-prestige-awd-4d-sport-utility-5xyrkdjf2tg466183/
"Lou Fusz Evansville",KNAG64J7XT5488264,2026,Kia,K5,"GT-Line FWD",,E2672127,2026-06-03,https://www.fuszevansville.com/inventory/new-2026-kia-k5-gt-line-fwd-fwd-4d-sedan-knag64j7xt5488264/
"Lou Fusz Evansville",5XYPE5S17VG029337,2027,Kia,Telluride,S,,E2782040,2026-05-04,https://www.fuszevansville.com/inventory/new-2027-kia-telluride-s-fwd-4d-sport-utility-5xype5s17vg029337/
"Lou Fusz Evansville",5XYRHDJF4TG469276,2026,Kia,Sorento,"X-Line EX",,E2677110,2026-05-04,https://www.fuszevansville.com/inventory/new-2026-kia-sorento-x-line-ex-awd-4d-sport-utility-5xyrhdjf4tg469276/
"Lou Fusz Evansville",JM3KMCHA4T0137207,2026,Mazda,CX-5,"2.5 S Preferred",,WM260309,2026-05-26,https://www.fuszevansville.com/inventory/new-2026-mazda-cx-5-2-5-s-preferred-awd-sport-utility-jm3kmcha4t0137207/
"Lou Fusz Evansville",JM3KMCHA9T0136859,2026,Mazda,CX-5,"2.5 S Preferred",,WM260307,2026-05-26,https://www.fuszevansville.com/inventory/new-2026-mazda-cx-5-2-5-s-preferred-awd-sport-utility-jm3kmcha9t0136859/
"Lou Fusz Evansville",JM3KMEHA7T0135608,2026,Mazda,CX-5,"2.5 S Premium Plus",,WM260306,2026-05-05,https://www.fuszevansville.com/inventory/new-2026-mazda-cx-5-2-5-s-premium-plus-awd-sport-utility-jm3kmeha7t0135608/
"Lou Fusz Evansville",JM3KMCHAXT0120864,2026,Mazda,CX-5,"2.5 S Preferred",,WM260311,2026-05-05,https://www.fuszevansville.com/inventory/new-2026-mazda-cx-5-2-5-s-preferred-awd-sport-utility-jm3kmchaxt0120864/
"Lou Fusz Evansville",7MMVABBL4TN498247,2026,Mazda,CX-50,"2.5 S Preferred",,WM260314,2026-05-05,https://www.fuszevansville.com/inventory/new-2026-mazda-cx-50-2-5-s-preferred-awd-sport-utility-7mmvabbl4tn498247/
"Lou Fusz Evansville",7MMVABBLXTN498754,2026,Mazda,CX-50,"2.5 S Preferred",,WM260316,2026-05-05,https://www.fuszevansville.com/inventory/new-2026-mazda-cx-50-2-5-s-preferred-awd-sport-utility-7mmvabblxtn498754/
"Lou Fusz Evansville",7MMVABDL6TN498361,2026,Mazda,CX-50,"2.5 S Premium",,WM260312,2026-05-05,https://www.fuszevansville.com/inventory/new-2026-mazda-cx-50-2-5-s-premium-awd-sport-utility-7mmvabdl6tn498361/
"Lou Fusz Evansville",JM3KMBHA2T0120920,2026,Mazda,CX-5,"2.5 S Select",,WM260318,2026-05-06,https://www.fuszevansville.com/inventory/new-2026-mazda-cx-5-2-5-s-select-awd-sport-utility-jm3kmbha2t0120920/
"Lou Fusz Evansville",KNDNC5KA1T6178615,2026,Kia,"Carnival MPV Hybrid",EX,,E2678091,2026-05-19,https://www.fuszevansville.com/inventory/new-2026-kia-carnival-mpv-hybrid-ex-fwd-4d-passenger-van-kndnc5ka1t6178615/
"Lou Fusz Evansville",KNAG64J79T5502252,2026,Kia,K5,"GT-Line AWD",,E2672113,2026-05-19,https://www.fuszevansville.com/inventory/new-2026-kia-k5-gt-line-awd-awd-4d-sedan-knag64j79t5502252/
"Lou Fusz Evansville",KNDPVDDG7T7397314,2026,Kia,"Sportage Hybrid",X-Line,,E2676060,2026-05-19,https://www.fuszevansville.com/inventory/new-2026-kia-sportage-hybrid-x-line-awd-4d-sport-utility-kndpvddg7t7397314/
"Lou Fusz Evansville",5XYK6CDF5TG437319,2026,Kia,Sportage,X-Line,,E2670184,2026-05-08,https://www.fuszevansville.com/inventory/new-2026-kia-sportage-x-line-awd-4d-sport-utility-5xyk6cdf5tg437319/
"Lou Fusz Evansville",5XYK6CDF6TG441363,2026,Kia,Sportage,X-Line,,E2670183,2026-05-08,https://www.fuszevansville.com/inventory/new-2026-kia-sportage-x-line-awd-4d-sport-utility-5xyk6cdf6tg441363/
"Lou Fusz Evansville",3KPFW4DC8TE321106,2026,Kia,K4,"GT-Line Turbo",,E2674024,2026-05-08,https://www.fuszevansville.com/inventory/new-2026-kia-k4-gt-line-turbo-fwd-4d-sedan-3kpfw4dc8te321106/
"Lou Fusz Evansville",5XYPDES19VG031416,2027,Kia,Telluride,"X-Pro SX",,E2782042,2026-05-08,https://www.fuszevansville.com/inventory/new-2027-kia-telluride-x-pro-sx-awd-4d-sport-utility-5xypdes19vg031416/
"Lou Fusz Evansville",5XYRKDJF4TG466833,2026,Kia,Sorento,"X-Line SX Prestige",,E2677114,2026-05-08,https://www.fuszevansville.com/inventory/new-2026-kia-sorento-x-line-sx-prestige-awd-4d-sport-utility-5xyrkdjf4tg466833/
"Lou Fusz Evansville",JM3KMBHA0T0138347,2026,Mazda,CX-5,"2.5 S Select",,WM260320,2026-05-11,https://www.fuszevansville.com/inventory/new-2026-mazda-cx-5-2-5-s-select-awd-sport-utility-jm3kmbha0t0138347/
"Lou Fusz Evansville",JM3KMCHA4T0150233,2026,Mazda,CX-5,"2.5 S Preferred",,WM260322,2026-05-21,https://www.fuszevansville.com/inventory/new-2026-mazda-cx-5-2-5-s-preferred-awd-sport-utility-jm3kmcha4t0150233/
"Lou Fusz Evansville",JM3KMCHA8T0150428,2026,Mazda,CX-5,"2.5 S Preferred",,WM260321,2026-05-26,https://www.fuszevansville.com/inventory/new-2026-mazda-cx-5-2-5-s-preferred-awd-sport-utility-jm3kmcha8t0150428/
"Lou Fusz Evansville",JM3KMDHA7T0137241,2026,Mazda,CX-5,"2.5 S Premium",,WM260319,2026-05-26,https://www.fuszevansville.com/inventory/new-2026-mazda-cx-5-2-5-s-premium-awd-sport-utility-jm3kmdha7t0137241/
"Lou Fusz Evansville",KNDNB5K36T6611673,2026,Kia,"Carnival MPV",LXS,,E2675082,2026-05-11,https://www.fuszevansville.com/inventory/new-2026-kia-carnival-mpv-lxs-fwd-4d-passenger-van-kndnb5k36t6611673/
"Lou Fusz Evansville",KNDCP3LE3T5370447,2026,Kia,Niro,LX,,E2673007,2026-05-21,https://www.fuszevansville.com/inventory/new-2026-kia-niro-lx-fwd-4d-sport-utility-kndcp3le3t5370447/
"Lou Fusz Evansville",KNDCP3LE5T5373625,2026,Kia,Niro,LX,,E2673006,2026-05-21,https://www.fuszevansville.com/inventory/new-2026-kia-niro-lx-fwd-4d-sport-utility-kndcp3le5t5373625/
"Lou Fusz Evansville",KNDEUCAA9T7953174,2026,Kia,Seltos,S,,E2683076,2026-05-19,https://www.fuszevansville.com/inventory/new-2026-kia-seltos-s-awd-4d-sport-utility-kndeucaa9t7953174/
"Lou Fusz Evansville",KNDNC5K30T6642303,2026,Kia,"Carnival MPV",EX,,E2675084,2026-05-21,https://www.fuszevansville.com/inventory/new-2026-kia-carnival-mpv-ex-fwd-4d-passenger-van-kndnc5k30t6642303/
"Lou Fusz Evansville",KNDNC5K33T6639301,2026,Kia,"Carnival MPV",EX,,E2675083,2026-05-19,https://www.fuszevansville.com/inventory/new-2026-kia-carnival-mpv-ex-fwd-4d-passenger-van-kndnc5k33t6639301/
"Lou Fusz Evansville",KNDNC5K33T6642277,2026,Kia,"Carnival MPV",EX,,E2675085,2026-05-21,https://www.fuszevansville.com/inventory/new-2026-kia-carnival-mpv-ex-fwd-4d-passenger-van-kndnc5k33t6642277/
"Lou Fusz Evansville",3KPFU5DE2TE344118,2026,Kia,K4,GT-Line,,E2686008,2026-05-29,https://www.fuszevansville.com/inventory/new-2026-kia-k4-gt-line-fwd-4d-hatchback-3kpfu5de2te344118/
"Lou Fusz Evansville",KNDNC5K38T6634708,2026,Kia,"Carnival MPV",EX,,E2675086,2026-05-23,https://www.fuszevansville.com/inventory/new-2026-kia-carnival-mpv-ex-fwd-4d-passenger-van-kndnc5k38t6634708/
"Lou Fusz Evansville",KNAG64J75T5502054,2026,Kia,K5,"GT-Line AWD",,E2672122,2026-05-26,https://www.fuszevansville.com/inventory/new-2026-kia-k5-gt-line-awd-awd-4d-sedan-knag64j75t5502054/
"Lou Fusz Evansville",KNAG64J77T5489162,2026,Kia,K5,"GT-Line FWD",,E2672115,2026-05-21,https://www.fuszevansville.com/inventory/new-2026-kia-k5-gt-line-fwd-fwd-4d-sedan-knag64j77t5489162/
"Lou Fusz Evansville",KNAG64J77T5492918,2026,Kia,K5,"GT-Line AWD",,E2672114,2026-05-21,https://www.fuszevansville.com/inventory/new-2026-kia-k5-gt-line-awd-awd-4d-sedan-knag64j77t5492918/
"Lou Fusz Evansville",KNAG64J78T5502551,2026,Kia,K5,"GT-Line AWD",,E2672118,2026-05-23,https://www.fuszevansville.com/inventory/new-2026-kia-k5-gt-line-awd-awd-4d-sedan-knag64j78t5502551/
"Lou Fusz Evansville",KNAG64J79T5500968,2026,Kia,K5,"GT-Line AWD",,E2672120,2026-05-23,https://www.fuszevansville.com/inventory/new-2026-kia-k5-gt-line-awd-awd-4d-sedan-knag64j79t5500968/
"Lou Fusz Evansville",KNDCP3LE0T5372818,2026,Kia,Niro,LX,,E2673005,2026-05-19,https://www.fuszevansville.com/inventory/new-2026-kia-niro-lx-fwd-4d-sport-utility-kndcp3le0t5372818/
"Lou Fusz Evansville",7MMVABAL9TN494454,2026,Mazda,CX-50,"2.5 S Select",,WM260323,2026-05-14,https://www.fuszevansville.com/inventory/new-2026-mazda-cx-50-2-5-s-select-awd-sport-utility-7mmvabal9tn494454/
"Lou Fusz Evansville",3KPFU5DE5TE348535,2026,Kia,K4,GT-Line,,E2686006,2026-05-29,https://www.fuszevansville.com/inventory/new-2026-kia-k4-gt-line-fwd-4d-hatchback-3kpfu5de5te348535/
"Lou Fusz Evansville",KNAG64J7XT5502387,2026,Kia,K5,"GT-Line AWD",,E2672121,2026-05-26,https://www.fuszevansville.com/inventory/new-2026-kia-k5-gt-line-awd-awd-4d-sedan-knag64j7xt5502387/
"Lou Fusz Evansville",KNDPVDDG0T7405074,2026,Kia,"Sportage Hybrid",EX,,E2676061,2026-05-26,https://www.fuszevansville.com/inventory/new-2026-kia-sportage-hybrid-ex-awd-4d-sport-utility-kndpvddg0t7405074/
"Lou Fusz Evansville",KNDNB5K31T6649330,2026,Kia,"Carnival MPV",LXS,,E2675088,2026-05-30,https://www.fuszevansville.com/inventory/new-2026-kia-carnival-mpv-lxs-fwd-4d-passenger-van-kndnb5k31t6649330/
"Lou Fusz Evansville",KNDCP3LE2T5375803,2026,Kia,Niro,LX,,E2673008,2026-05-26,https://www.fuszevansville.com/inventory/new-2026-kia-niro-lx-fwd-4d-sport-utility-kndcp3le2t5375803/
"Lou Fusz Evansville",KNAG64J7XT5503099,2026,Kia,K5,"GT-Line AWD",,E2672124,2026-05-26,https://www.fuszevansville.com/inventory/new-2026-kia-k5-gt-line-awd-awd-4d-sedan-knag64j7xt5503099/
"Lou Fusz Evansville",5XYK6CDF9TG445018,2026,Kia,Sportage,X-Line,,E2670186,2026-05-17,https://www.fuszevansville.com/inventory/new-2026-kia-sportage-x-line-awd-4d-sport-utility-5xyk6cdf9tg445018/
"Lou Fusz Evansville",5XYPDESA3VG021092,2027,Kia,"Telluride Hybrid","X-Line SX",,E2779024,2026-05-17,https://www.fuszevansville.com/inventory/new-2027-kia-telluride-hybrid-x-line-sx-awd-4d-sport-utility-5xypdesa3vg021092/
"Lou Fusz Evansville",5XYPLES11VG031705,2027,Kia,Telluride,"X-Line SX-Prestige",,E2782047,2026-05-17,https://www.fuszevansville.com/inventory/new-2027-kia-telluride-x-line-sx-prestige-awd-4d-sport-utility-5xyples11vg031705/
"Lou Fusz Evansville",7MMVABBL8TN601668,2026,Mazda,CX-50,"2.5 S Preferred",,WM260327,2026-05-20,https://www.fuszevansville.com/inventory/new-2026-mazda-cx-50-2-5-s-preferred-awd-sport-utility-7mmvabbl8tn601668/
"Lou Fusz Evansville",7MMVABCY4TN602195,2026,Mazda,CX-50,"2.5 Turbo",,WM260331,2026-05-20,https://www.fuszevansville.com/inventory/new-2026-mazda-cx-50-2-5-turbo-awd-sport-utility-7mmvabcy4tn602195/
"Lou Fusz Evansville",JM3KMCHA4T0154749,2026,Mazda,CX-5,"2.5 S Preferred",,WM260325,2026-06-02,https://www.fuszevansville.com/inventory/new-2026-mazda-cx-5-2-5-s-preferred-awd-sport-utility-jm3kmcha4t0154749/
"Lou Fusz Evansville",JM1NDAD77T0705230,2026,Mazda,"MX-5 Miata","Grand Touring",,WM260332,2026-06-02,https://www.fuszevansville.com/inventory/new-2026-mazda-mx-5-miata-grand-touring-rwd-convertible-jm1ndad77t0705230/
"Lou Fusz Evansville",JM3KMEHA6T0154229,2026,Mazda,CX-5,"2.5 S Premium Plus",,WM260329,2026-06-11,https://www.fuszevansville.com/inventory/new-2026-mazda-cx-5-2-5-s-premium-plus-awd-sport-utility-jm3kmeha6t0154229/
"Lou Fusz Evansville",JM3KMEHA9T0150806,2026,Mazda,CX-5,"2.5 S Premium Plus",,WM260333,2026-06-02,https://www.fuszevansville.com/inventory/new-2026-mazda-cx-5-2-5-s-premium-plus-awd-sport-utility-jm3kmeha9t0150806/
"Lou Fusz Evansville",JM3KMEHAXT0154993,2026,Mazda,CX-5,"2.5 S Premium Plus",,WM260326,2026-06-02,https://www.fuszevansville.com/inventory/new-2026-mazda-cx-5-2-5-s-premium-plus-awd-sport-utility-jm3kmehaxt0154993/
"Lou Fusz Evansville",JM3KKBHD6T1396169,2026,Mazda,CX-90,Preferred,,WM260328,2026-06-02,https://www.fuszevansville.com/inventory/new-2026-mazda-cx-90-preferred-awd-sport-utility-jm3kkbhd6t1396169/
"Lou Fusz Evansville",3KPFT4DE5TE321624,2026,Kia,K4,LXS,,E2674027,2026-05-20,https://www.fuszevansville.com/inventory/new-2026-kia-k4-lxs-fwd-4d-sedan-3kpft4de5te321624/
"Lou Fusz Evansville",5XYK3CDFXTG443304,2026,Kia,Sportage,EX,,E2670188,2026-05-20,https://www.fuszevansville.com/inventory/new-2026-kia-sportage-ex-awd-4d-sport-utility-5xyk3cdfxtg443304/
"Lou Fusz Evansville",5XYK6CDF4TG446075,2026,Kia,Sportage,X-Line,,E2670187,2026-05-20,https://www.fuszevansville.com/inventory/new-2026-kia-sportage-x-line-awd-4d-sport-utility-5xyk6cdf4tg446075/
"Lou Fusz Evansville",5XYRHDJF7TG473113,2026,Kia,Sorento,"X-Line EX",,E2677119,2026-05-20,https://www.fuszevansville.com/inventory/new-2026-kia-sorento-x-line-ex-awd-4d-sport-utility-5xyrhdjf7tg473113/
"Lou Fusz Evansville",5XYRKDJF4TG470154,2026,Kia,Sorento,"X-Line SX Prestige",,E2677115,2026-05-20,https://www.fuszevansville.com/inventory/new-2026-kia-sorento-x-line-sx-prestige-awd-4d-sport-utility-5xyrkdjf4tg470154/
"Lou Fusz Evansville",KNDPXDDG0T7396810,2026,Kia,"Sportage Hybrid",SX-Prestige,,E2676067,2026-06-03,https://www.fuszevansville.com/inventory/new-2026-kia-sportage-hybrid-sx-prestige-awd-4d-sport-utility-kndpxddg0t7396810/
"Lou Fusz Evansville",KNDPVDDG9T7407017,2026,Kia,"Sportage Hybrid",X-Line,,E2676069,2026-06-04,https://www.fuszevansville.com/inventory/new-2026-kia-sportage-hybrid-x-line-awd-4d-sport-utility-kndpvddg9t7407017/
"Lou Fusz Evansville",7MMVABBL6TN603046,2026,Mazda,CX-50,"2.5 S Preferred",,WM260338,2026-05-26,https://www.fuszevansville.com/inventory/new-2026-mazda-cx-50-2-5-s-preferred-awd-sport-utility-7mmvabbl6tn603046/
"Lou Fusz Evansville",7MMVABBL7TN602648,2026,Mazda,CX-50,"2.5 S Preferred",,WM260340,2026-05-26,https://www.fuszevansville.com/inventory/new-2026-mazda-cx-50-2-5-s-preferred-awd-sport-utility-7mmvabbl7tn602648/
"Lou Fusz Evansville",7MMVABCY8TN604127,2026,Mazda,CX-50,"2.5 Turbo",,WM260342,2026-05-26,https://www.fuszevansville.com/inventory/new-2026-mazda-cx-50-2-5-turbo-awd-sport-utility-7mmvabcy8tn604127/
"Lou Fusz Evansville",7MMVABCY9TN604119,2026,Mazda,CX-50,"2.5 Turbo",,WM260343,2026-05-26,https://www.fuszevansville.com/inventory/new-2026-mazda-cx-50-2-5-turbo-awd-sport-utility-7mmvabcy9tn604119/
"Lou Fusz Evansville",5XYRLDJC5TG474927,2026,Kia,Sorento,S,,E2677121,2026-05-26,https://www.fuszevansville.com/inventory/new-2026-kia-sorento-s-awd-4d-sport-utility-5xyrldjc5tg474927/
"Lou Fusz Evansville",5XYK33DFXTG446512,2026,Kia,Sportage,EX,,E2670190,2026-05-26,https://www.fuszevansville.com/inventory/new-2026-kia-sportage-ex-fwd-4d-sport-utility-5xyk33dfxtg446512/
"Lou Fusz Evansville",5XYK3CDF7TG446970,2026,Kia,Sportage,EX,,E2670192,2026-05-26,https://www.fuszevansville.com/inventory/new-2026-kia-sportage-ex-awd-4d-sport-utility-5xyk3cdf7tg446970/
"Lou Fusz Evansville",5XYPCES1XVG033369,2027,Kia,Telluride,"X-Line EX",,A270155,2026-05-26,https://www.fuszevansville.com/inventory/new-2027-kia-telluride-x-line-ex-awd-4d-sport-utility-5xypces1xvg033369/
"Lou Fusz Evansville",5XYK33DF3TG448859,2026,Kia,Sportage,EX,,E2670193,2026-05-27,https://www.fuszevansville.com/inventory/new-2026-kia-sportage-ex-fwd-4d-sport-utility-5xyk33df3tg448859/
"Lou Fusz Evansville",5XYRL4JC5TG475267,2026,Kia,Sorento,S,,E2677123,2026-05-27,https://www.fuszevansville.com/inventory/new-2026-kia-sorento-s-fwd-4d-sport-utility-5xyrl4jc5tg475267/
"Lou Fusz Evansville",5XYRLDJCXTG472610,2026,Kia,Sorento,S,,E2677124,2026-05-27,https://www.fuszevansville.com/inventory/new-2026-kia-sorento-s-awd-4d-sport-utility-5xyrldjcxtg472610/
"Lou Fusz Evansville",5XYPDESA7VG022813,2027,Kia,"Telluride Hybrid","X-Line SX",,E2779029,2026-05-27,https://www.fuszevansville.com/inventory/new-2027-kia-telluride-hybrid-x-line-sx-awd-4d-sport-utility-5xypdesa7vg022813/
"Lou Fusz Evansville",5XYRHDJF9TG474750,2026,Kia,Sorento,"X-Line EX",,E2677122,2026-05-27,https://www.fuszevansville.com/inventory/new-2026-kia-sorento-x-line-ex-awd-4d-sport-utility-5xyrhdjf9tg474750/
"Lou Fusz Evansville",JM3KKEHC4T1396843,2026,Mazda,CX-90,"S Premium Plus",,WM260348,2026-06-11,https://www.fuszevansville.com/inventory/new-2026-mazda-cx-90-s-premium-plus-awd-sport-utility-jm3kkehc4t1396843/
"Lou Fusz Evansville",JM3KMCHA5T0150953,2026,Mazda,CX-5,"2.5 S Preferred",,WM260347,2026-06-11,https://www.fuszevansville.com/inventory/new-2026-mazda-cx-5-2-5-s-preferred-awd-sport-utility-jm3kmcha5t0150953/
"Lou Fusz Evansville",JM1NDAC75T0704787,2026,Mazda,"MX-5 Miata",Club,,WM260346,2026-06-11,https://www.fuszevansville.com/inventory/new-2026-mazda-mx-5-miata-club-rwd-convertible-jm1ndac75t0704787/
"Lou Fusz Evansville",KNDNB5K30T6649092,2026,Kia,"Carnival MPV",LXS,,E2675092,2026-06-08,https://www.fuszevansville.com/inventory/new-2026-kia-carnival-mpv-lxs-fwd-4d-passenger-van-kndnb5k30t6649092/
"Lou Fusz Evansville",KNDNB5K35T6648584,2026,Kia,"Carnival MPV",LXS,,E2675089,2026-06-04,https://www.fuszevansville.com/inventory/new-2026-kia-carnival-mpv-lxs-fwd-4d-passenger-van-kndnb5k35t6648584/
"Lou Fusz Evansville",KNDNC5K34T6643406,2026,Kia,"Carnival MPV",EX,,E2675093,2026-06-08,https://www.fuszevansville.com/inventory/new-2026-kia-carnival-mpv-ex-fwd-4d-passenger-van-kndnc5k34t6643406/
"Lou Fusz Evansville",KNAG64J72T5502321,2026,Kia,K5,"GT-Line AWD",,E2672128,2026-06-04,https://www.fuszevansville.com/inventory/new-2026-kia-k5-gt-line-awd-awd-4d-sedan-knag64j72t5502321/
"Lou Fusz Evansville",KNAG64J74T5503423,2026,Kia,K5,"GT-Line FWD",,E2672129,2026-06-04,https://www.fuszevansville.com/inventory/new-2026-kia-k5-gt-line-fwd-fwd-4d-sedan-knag64j74t5503423/
"Lou Fusz Evansville",5XYK33DF1TG444535,2026,Kia,Sportage,EX,,E2670196,2026-05-29,https://www.fuszevansville.com/inventory/new-2026-kia-sportage-ex-fwd-4d-sport-utility-5xyk33df1tg444535/
"Lou Fusz Evansville",5XYRL4JC1TG476724,2026,Kia,Sorento,S,,E2677128,2026-05-29,https://www.fuszevansville.com/inventory/new-2026-kia-sorento-s-fwd-4d-sport-utility-5xyrl4jc1tg476724/
"Lou Fusz Evansville",5XYRL4JC3TG457088,2026,Kia,Sorento,S,,E2677126,2026-05-29,https://www.fuszevansville.com/inventory/new-2026-kia-sorento-s-fwd-4d-sport-utility-5xyrl4jc3tg457088/
"Lou Fusz Evansville",5XYRLDJC1TG472740,2026,Kia,Sorento,S,,E2677127,2026-05-29,https://www.fuszevansville.com/inventory/new-2026-kia-sorento-s-awd-4d-sport-utility-5xyrldjc1tg472740/
"Lou Fusz Evansville",5XYPDES14VG034997,2027,Kia,Telluride,"X-Pro SX",,E2782054,2026-05-29,https://www.fuszevansville.com/inventory/new-2027-kia-telluride-x-pro-sx-awd-4d-sport-utility-5xypdes14vg034997/
"Lou Fusz Evansville",3KPFW4DE5TE341315,2026,Kia,K4,GT-Line,,E2674033,2026-05-29,https://www.fuszevansville.com/inventory/new-2026-kia-k4-gt-line-fwd-4d-sedan-3kpfw4de5te341315/
"Lou Fusz Evansville",KNDNC5KAXT6184705,2026,Kia,"Carnival MPV Hybrid",EX,,E2678098,2026-06-12,https://www.fuszevansville.com/inventory/new-2026-kia-carnival-mpv-hybrid-ex-fwd-4d-passenger-van-kndnc5kaxt6184705/
"Lou Fusz Evansville",KNDNE5K34T6650088,2026,Kia,"Carnival MPV","SX Prestige",,E2675091,2026-06-08,https://www.fuszevansville.com/inventory/new-2026-kia-carnival-mpv-sx-prestige-fwd-4d-passenger-van-kndne5k34t6650088/
"Lou Fusz Evansville",KNDNE5K36T6647841,2026,Kia,"Carnival MPV","SX Prestige",,E2675096,2026-06-11,https://www.fuszevansville.com/inventory/new-2026-kia-carnival-mpv-sx-prestige-fwd-4d-passenger-van-kndne5k36t6647841/
"Lou Fusz Evansville",KNDNE5K36T6650321,2026,Kia,"Carnival MPV","SX Prestige",,E2675097,2026-06-11,https://www.fuszevansville.com/inventory/new-2026-kia-carnival-mpv-sx-prestige-fwd-4d-passenger-van-kndne5k36t6650321/
"Lou Fusz Evansville",KNDCP3LE5T5376895,2026,Kia,Niro,LX,,E2673009,2026-06-12,https://www.fuszevansville.com/inventory/new-2026-kia-niro-lx-fwd-4d-sport-utility-kndcp3le5t5376895/
"Lou Fusz Evansville",KNDEL3D36V7012798,2027,Kia,Seltos,S,,E2783003,2026-06-12,https://www.fuszevansville.com/inventory/new-2027-kia-seltos-s-fwd-4d-sport-utility-kndel3d36v7012798/
"Lou Fusz Evansville",KNDNE5KA1T6182755,2026,Kia,"Carnival MPV Hybrid","SX Prestige",,E2678099,2026-06-15,https://www.fuszevansville.com/inventory/new-2026-kia-carnival-mpv-hybrid-sx-prestige-fwd-4d-passenger-van-kndne5ka1t6182755/
"Lou Fusz Evansville",KNDNE5KA1T6184084,2026,Kia,"Carnival MPV Hybrid","SX Prestige",,E2678096,2026-06-12,https://www.fuszevansville.com/inventory/new-2026-kia-carnival-mpv-hybrid-sx-prestige-fwd-4d-passenger-van-kndne5ka1t6184084/
"Lou Fusz Evansville",KNDNE5KA3T6181316,2026,Kia,"Carnival MPV Hybrid","SX Prestige",,E2678103,2026-06-15,https://www.fuszevansville.com/inventory/new-2026-kia-carnival-mpv-hybrid-sx-prestige-fwd-4d-passenger-van-kndne5ka3t6181316/
"Lou Fusz Evansville",KNDNE5KA8T6183126,2026,Kia,"Carnival MPV Hybrid","SX Prestige",,E2678106,2026-06-17,https://www.fuszevansville.com/inventory/new-2026-kia-carnival-mpv-hybrid-sx-prestige-fwd-4d-passenger-van-kndne5ka8t6183126/
"Lou Fusz Evansville",KNDNE5KA9T6182549,2026,Kia,"Carnival MPV Hybrid",SX,,E2678104,2026-06-17,https://www.fuszevansville.com/inventory/new-2026-kia-carnival-mpv-hybrid-sx-fwd-4d-passenger-van-kndne5ka9t6182549/
"Lou Fusz Evansville",KNDNB5K30T6649917,2026,Kia,"Carnival MPV",LXS,,E2675095,2026-06-11,https://www.fuszevansville.com/inventory/new-2026-kia-carnival-mpv-lxs-fwd-4d-passenger-van-kndnb5k30t6649917/
"Lou Fusz Evansville",KNDNB5K39T6648183,2026,Kia,"Carnival MPV",LXS,,E2675098,2026-06-12,https://www.fuszevansville.com/inventory/new-2026-kia-carnival-mpv-lxs-fwd-4d-passenger-van-kndnb5k39t6648183/
"Lou Fusz Evansville",KNDNC5K36T6650812,2026,Kia,"Carnival MPV",EX,,E2675101,2026-06-15,https://www.fuszevansville.com/inventory/new-2026-kia-carnival-mpv-ex-fwd-4d-passenger-van-kndnc5k36t6650812/
"Lou Fusz Evansville",KNDNC5K37T6648955,2026,Kia,"Carnival MPV",EX,,E2675094,2026-06-08,https://www.fuszevansville.com/inventory/new-2026-kia-carnival-mpv-ex-fwd-4d-passenger-van-kndnc5k37t6648955/
"Lou Fusz Evansville",KNDNC5K3XT6642857,2026,Kia,"Carnival MPV",EX,,E2675099,2026-06-12,https://www.fuszevansville.com/inventory/new-2026-kia-carnival-mpv-ex-fwd-4d-passenger-van-kndnc5k3xt6642857/
"Lou Fusz Evansville",KNDNC5KA1T6184849,2026,Kia,"Carnival MPV Hybrid",EX,,E2678097,2026-06-12,https://www.fuszevansville.com/inventory/new-2026-kia-carnival-mpv-hybrid-ex-fwd-4d-passenger-van-kndnc5ka1t6184849/
"Lou Fusz Evansville",5XYK33DF7TG447620,2026,Kia,Sportage,EX,,E2670197,2026-05-30,https://www.fuszevansville.com/inventory/new-2026-kia-sportage-ex-fwd-4d-sport-utility-5xyk33df7tg447620/
"Lou Fusz Evansville",5XYRLDJC6TG472829,2026,Kia,Sorento,S,,E2677130,2026-05-30,https://www.fuszevansville.com/inventory/new-2026-kia-sorento-s-awd-4d-sport-utility-5xyrldjc6tg472829/
"Lou Fusz Evansville",5XYK6CDF7TG451660,2026,Kia,Sportage,X-Line,,E2670199,2026-05-30,https://www.fuszevansville.com/inventory/new-2026-kia-sportage-x-line-awd-4d-sport-utility-5xyk6cdf7tg451660/
"Lou Fusz Evansville",5XYPLES12VG035181,2027,Kia,Telluride,"X-Pro SX-Prestige",,E2782055,2026-05-30,https://www.fuszevansville.com/inventory/new-2027-kia-telluride-x-pro-sx-prestige-awd-4d-sport-utility-5xyples12vg035181/
"Lou Fusz Evansville",KNDEL3D35V7011092,2027,Kia,Seltos,S,,E2783002,2026-06-12,https://www.fuszevansville.com/inventory/new-2027-kia-seltos-s-fwd-4d-sport-utility-kndel3d35v7011092/
"Lou Fusz Evansville",3KPFW4DE6TE352310,2026,Kia,K4,GT-Line,,E2674036,2026-06-18,https://www.fuszevansville.com/inventory/new-2026-kia-k4-gt-line-fwd-4d-sedan-3kpfw4de6te352310/
"Lou Fusz Evansville",KNDNE5KA8T6185541,2026,Kia,"Carnival MPV Hybrid",SX,,E2678102,2026-06-15,https://www.fuszevansville.com/inventory/new-2026-kia-carnival-mpv-hybrid-sx-fwd-4d-passenger-van-kndne5ka8t6185541/
"Lou Fusz Evansville",KNDNC5K30T6643421,2026,Kia,"Carnival MPV",EX,,E2675100,2026-06-15,https://www.fuszevansville.com/inventory/new-2026-kia-carnival-mpv-ex-fwd-4d-passenger-van-kndnc5k30t6643421/
"Lou Fusz Evansville",JM3KKBHD8T1396383,2026,Mazda,CX-90,Preferred,,WM260352,2026-06-16,https://www.fuszevansville.com/inventory/new-2026-mazda-cx-90-preferred-awd-sport-utility-jm3kkbhd8t1396383/
"Lou Fusz Evansville",7MMVAABW7TN177436,2026,Mazda,"CX-50 Hybrid",Preferred,,WM260360,2026-06-01,https://www.fuszevansville.com/inventory/new-2026-mazda-cx-50-hybrid-preferred-awd-sport-utility-7mmvaabw7tn177436/
"Lou Fusz Evansville",JM3KMBHA4T0156334,2026,Mazda,CX-5,"2.5 S Select",,WM260351,2026-06-11,https://www.fuszevansville.com/inventory/new-2026-mazda-cx-5-2-5-s-select-awd-sport-utility-jm3kmbha4t0156334/
"Lou Fusz Evansville",JM3KMCHA0T0155185,2026,Mazda,CX-5,"2.5 S Preferred",,WM260354,2026-06-11,https://www.fuszevansville.com/inventory/new-2026-mazda-cx-5-2-5-s-preferred-awd-sport-utility-jm3kmcha0t0155185/
"Lou Fusz Evansville",JM3KMCHA6T0155143,2026,Mazda,CX-5,"2.5 S Preferred",,WM260355,2026-06-11,https://www.fuszevansville.com/inventory/new-2026-mazda-cx-5-2-5-s-preferred-awd-sport-utility-jm3kmcha6t0155143/
"Lou Fusz Evansville",JM3KMCHA8T0157332,2026,Mazda,CX-5,"2.5 S Preferred",,WM260356,2026-06-16,https://www.fuszevansville.com/inventory/new-2026-mazda-cx-5-2-5-s-preferred-awd-sport-utility-jm3kmcha8t0157332/
"Lou Fusz Evansville",7MMVABCY2TN604642,2026,Mazda,CX-50,"2.5 Turbo",,WM260359,2026-06-01,https://www.fuszevansville.com/inventory/new-2026-mazda-cx-50-2-5-turbo-awd-sport-utility-7mmvabcy2tn604642/
"Lou Fusz Evansville",JM3KMEHA0T0140729,2026,Mazda,CX-5,"2.5 S Premium Plus",,WM260353,2026-06-16,https://www.fuszevansville.com/inventory/new-2026-mazda-cx-5-2-5-s-premium-plus-awd-sport-utility-jm3kmeha0t0140729/
"Lou Fusz Evansville",JM3KMEHAXT0156887,2026,Mazda,CX-5,"2.5 S Premium Plus",,WM260358,2026-06-16,https://www.fuszevansville.com/inventory/new-2026-mazda-cx-5-2-5-s-premium-plus-awd-sport-utility-jm3kmehaxt0156887/
"Lou Fusz Evansville",JM1NDAD71T0706521,2026,Mazda,"MX-5 Miata","Grand Touring",,WM260357,2026-06-11,https://www.fuszevansville.com/inventory/new-2026-mazda-mx-5-miata-grand-touring-rwd-convertible-jm1ndad71t0706521/
"Lou Fusz Evansville",KNAG64J71T5510183,2026,Kia,K5,"GT-Line AWD",,E2672130,2026-06-12,https://www.fuszevansville.com/inventory/new-2026-kia-k5-gt-line-awd-awd-4d-sedan-knag64j71t5510183/
"Lou Fusz Evansville",KNAG64J75T5510199,2026,Kia,K5,"GT-Line AWD",,E2672131,2026-06-17,https://www.fuszevansville.com/inventory/new-2026-kia-k5-gt-line-awd-awd-4d-sedan-knag64j75t5510199/
"Lou Fusz Evansville",7MMVAABW3TN177532,2026,Mazda,"CX-50 Hybrid",Preferred,,WM260363,2026-06-04,https://www.fuszevansville.com/inventory/new-2026-mazda-cx-50-hybrid-preferred-awd-sport-utility-7mmvaabw3tn177532/
"Lou Fusz Evansville",JM3KKEHD0T1397299,2026,Mazda,CX-90,"Premium Plus",,WM260367,2026-06-29,https://www.fuszevansville.com/inventory/new-2026-mazda-cx-90-premium-plus-awd-sport-utility-jm3kkehd0t1397299/
"Lou Fusz Evansville",7MMVAADW2TN176756,2026,Mazda,"CX-50 Hybrid",Premium,,WM260362,2026-06-04,https://www.fuszevansville.com/inventory/new-2026-mazda-cx-50-hybrid-premium-awd-sport-utility-7mmvaadw2tn176756/
"Lou Fusz Evansville",JM3KMBHA2T0158096,2026,Mazda,CX-5,"2.5 S Select",,WM260364,2026-06-29,https://www.fuszevansville.com/inventory/new-2026-mazda-cx-5-2-5-s-select-awd-sport-utility-jm3kmbha2t0158096/
"Lou Fusz Evansville",JM3KMCHA1T0124124,2026,Mazda,CX-5,"2.5 S Preferred",,WM260368,2026-06-04,https://www.fuszevansville.com/inventory/new-2026-mazda-cx-5-2-5-s-preferred-awd-sport-utility-jm3kmcha1t0124124/
"Lou Fusz Evansville",JM3KMCHA5T0158325,2026,Mazda,CX-5,"2.5 S Preferred",,WM260365,2026-06-29,https://www.fuszevansville.com/inventory/new-2026-mazda-cx-5-2-5-s-preferred-awd-sport-utility-jm3kmcha5t0158325/
"Lou Fusz Evansville",JM3KMDHA2T0158644,2026,Mazda,CX-5,"2.5 S Premium",,WM260366,2026-06-29,https://www.fuszevansville.com/inventory/new-2026-mazda-cx-5-2-5-s-premium-awd-sport-utility-jm3kmdha2t0158644/
"Lou Fusz Evansville",KNAG64J78T5508883,2026,Kia,K5,"GT-Line FWD",,E2672133,2026-06-17,https://www.fuszevansville.com/inventory/new-2026-kia-k5-gt-line-fwd-fwd-4d-sedan-knag64j78t5508883/
"Lou Fusz Evansville",KNDNC5K35T6648825,2026,Kia,"Carnival MPV",EX,,E2675102,2026-06-25,https://www.fuszevansville.com/inventory/new-2026-kia-carnival-mpv-ex-fwd-4d-passenger-van-kndnc5k35t6648825/
"Lou Fusz Evansville",KNDNC5K39T6648908,2026,Kia,"Carnival MPV",EX,,E2675103,2026-06-25,https://www.fuszevansville.com/inventory/new-2026-kia-carnival-mpv-ex-fwd-4d-passenger-van-kndnc5k39t6648908/
"Lou Fusz Evansville",KNAG64J78T5508866,2026,Kia,K5,"GT-Line FWD",,E2672132,2026-06-17,https://www.fuszevansville.com/inventory/new-2026-kia-k5-gt-line-fwd-fwd-4d-sedan-knag64j78t5508866/
"Lou Fusz Evansville",KNDCP3LE8T5379225,2026,Kia,Niro,LX,,E2673010,2026-06-17,https://www.fuszevansville.com/inventory/new-2026-kia-niro-lx-fwd-4d-sport-utility-kndcp3le8t5379225/
"Lou Fusz Evansville",KNDNC5K30T6650336,2026,Kia,"Carnival MPV",EX,,E2675104,2026-07-01,https://www.fuszevansville.com/inventory/new-2026-kia-carnival-mpv-ex-fwd-4d-passenger-van-kndnc5k30t6650336/
"Lou Fusz Evansville",5XYK33DF6TG452615,2026,Kia,Sportage,EX,,E2670201,2026-06-09,https://www.fuszevansville.com/inventory/new-2026-kia-sportage-ex-fwd-4d-sport-utility-5xyk33df6tg452615/
"Lou Fusz Evansville",5XYK33DF6TG453621,2026,Kia,Sportage,EX,,E2670202,2026-06-09,https://www.fuszevansville.com/inventory/new-2026-kia-sportage-ex-fwd-4d-sport-utility-5xyk33df6tg453621/
"Lou Fusz Evansville",5XYK33DF8TG452910,2026,Kia,Sportage,EX,,E2670203,2026-06-09,https://www.fuszevansville.com/inventory/new-2026-kia-sportage-ex-fwd-4d-sport-utility-5xyk33df8tg452910/
"Lou Fusz Evansville",5XYRL4JC4TG477429,2026,Kia,Sorento,S,,E2677132,2026-06-09,https://www.fuszevansville.com/inventory/new-2026-kia-sorento-s-fwd-4d-sport-utility-5xyrl4jc4tg477429/
"Lou Fusz Evansville",5XYRLDJC6TG472894,2026,Kia,Sorento,S,,E2677131,2026-06-09,https://www.fuszevansville.com/inventory/new-2026-kia-sorento-s-awd-4d-sport-utility-5xyrldjc6tg472894/
"Lou Fusz Evansville",5XYPCES1XVG035381,2027,Kia,Telluride,"X-Line EX",,E2782056,2026-06-09,https://www.fuszevansville.com/inventory/new-2027-kia-telluride-x-line-ex-awd-4d-sport-utility-5xypces1xvg035381/
"Lou Fusz Evansville",5XYPLES14VG035523,2027,Kia,Telluride,"X-Pro SX-Prestige",,E2782057,2026-06-09,https://www.fuszevansville.com/inventory/new-2027-kia-telluride-x-pro-sx-prestige-awd-4d-sport-utility-5xyples14vg035523/
"Lou Fusz Evansville",5XYPLES19VG036120,2027,Kia,Telluride,"X-Pro SX-Prestige",,E2782058,2026-06-09,https://www.fuszevansville.com/inventory/new-2027-kia-telluride-x-pro-sx-prestige-awd-4d-sport-utility-5xyples19vg036120/
"Lou Fusz Evansville",7MMVABDLXTN608845,2026,Mazda,CX-50,"2.5 S Premium",,WM260370,2026-06-12,https://www.fuszevansville.com/inventory/new-2026-mazda-cx-50-2-5-s-premium-awd-sport-utility-7mmvabdlxtn608845/
"Lou Fusz Evansville",7MMVABEY2TN608090,2026,Mazda,CX-50,"2.5 Turbo Premium Plus",,WM260369,2026-06-12,https://www.fuszevansville.com/inventory/new-2026-mazda-cx-50-2-5-turbo-premium-plus-awd-sport-utility-7mmvabey2tn608090/
"Lou Fusz Evansville",5XYRL4JC5TG477505,2026,Kia,Sorento,S,,E2677133,2026-06-13,https://www.fuszevansville.com/inventory/new-2026-kia-sorento-s-fwd-4d-sport-utility-5xyrl4jc5tg477505/
"Lou Fusz Evansville",5XYRL4JC8TG478230,2026,Kia,Sorento,S,,E2677134,2026-06-13,https://www.fuszevansville.com/inventory/new-2026-kia-sorento-s-fwd-4d-sport-utility-5xyrl4jc8tg478230/
"Lou Fusz Evansville",5XYPCESA4VG029768,2027,Kia,"Telluride Hybrid",EX,,E2779039,2026-06-13,https://www.fuszevansville.com/inventory/new-2027-kia-telluride-hybrid-ex-awd-4d-sport-utility-5xypcesa4vg029768/
"Lou Fusz Evansville",5XYPDESA8VG028863,2027,Kia,"Telluride Hybrid","X-Line SX",,E2779040,2026-06-13,https://www.fuszevansville.com/inventory/new-2027-kia-telluride-hybrid-x-line-sx-awd-4d-sport-utility-5xypdesa8vg028863/
"Lou Fusz Evansville",KNDEECD76V7026150,2027,Kia,Seltos,"X-Line SX",,E2783004,2026-06-25,https://www.fuszevansville.com/inventory/new-2027-kia-seltos-x-line-sx-awd-4d-sport-utility-kndeecd76v7026150/
"Lou Fusz Evansville",5XYPLES16VG035779,2027,Kia,Telluride,"X-Pro SX-Prestige",,E2782060,2026-06-13,https://www.fuszevansville.com/inventory/new-2027-kia-telluride-x-pro-sx-prestige-awd-4d-sport-utility-5xyples16vg035779/
"Lou Fusz Evansville",KNAG64J79T5513395,2026,Kia,K5,"GT-Line FWD",,E2672137,2026-06-29,https://www.fuszevansville.com/inventory/new-2026-kia-k5-gt-line-fwd-fwd-4d-sedan-knag64j79t5513395/
"Lou Fusz Evansville",KNAG64J79T5513543,2026,Kia,K5,"GT-Line FWD",,E2672136,2026-06-29,https://www.fuszevansville.com/inventory/new-2026-kia-k5-gt-line-fwd-fwd-4d-sedan-knag64j79t5513543/
"Lou Fusz Evansville",3MVDMBCL8TM146041,2026,Mazda,CX-30,"2.5 S Preferred",,WM260372,2026-06-15,https://www.fuszevansville.com/inventory/new-2026-mazda-cx-30-2-5-s-preferred-awd-sport-utility-3mvdmbcl8tm146041/
"Lou Fusz Evansville",JM1BPABL4T1887375,2026,Mazda,"Mazda3 Sedan","2.5 S Select Sport",,WM260376,2026-07-03,https://www.fuszevansville.com/inventory/new-2026-mazda-mazda3-sedan-2-5-s-select-sport-fwd-4dr-car-jm1bpabl4t1887375/
"Lou Fusz Evansville",JM1BPABL6T1887457,2026,Mazda,"Mazda3 Sedan","2.5 S Select Sport",,WM260373,2026-07-03,https://www.fuszevansville.com/inventory/new-2026-mazda-mazda3-sedan-2-5-s-select-sport-fwd-4dr-car-jm1bpabl6t1887457/
"Lou Fusz Evansville",JM1NDAD76T0705994,2026,Mazda,"MX-5 Miata","Grand Touring",,WM260375,2026-07-03,https://www.fuszevansville.com/inventory/new-2026-mazda-mx-5-miata-grand-touring-rwd-convertible-jm1ndad76t0705994/
"Lou Fusz Evansville",JM3KMEHA1T0169107,2026,Mazda,CX-5,"2.5 S Premium Plus",,WM260377,2026-07-03,https://www.fuszevansville.com/inventory/new-2026-mazda-cx-5-2-5-s-premium-plus-awd-sport-utility-jm3kmeha1t0169107/
"Lou Fusz Evansville",JM3KKEHD5T1400990,2026,Mazda,CX-90,"Premium Plus",,WM260379,2026-07-03,https://www.fuszevansville.com/inventory/new-2026-mazda-cx-90-premium-plus-awd-sport-utility-jm3kkehd5t1400990/
"Lou Fusz Evansville",JM1BPABL8T1887881,2026,Mazda,"Mazda3 Sedan","2.5 S Select Sport",,WM260378,2026-07-03,https://www.fuszevansville.com/inventory/new-2026-mazda-mazda3-sedan-2-5-s-select-sport-fwd-4dr-car-jm1bpabl8t1887881/
"Lou Fusz Evansville",5XYK3CDF3TG457075,2026,Kia,Sportage,EX,,E2670205,2026-06-16,https://www.fuszevansville.com/inventory/new-2026-kia-sportage-ex-awd-4d-sport-utility-5xyk3cdf3tg457075/
"Lou Fusz Evansville",5XYRLDJC3TG480189,2026,Kia,Sorento,S,,E2677135,2026-06-16,https://www.fuszevansville.com/inventory/new-2026-kia-sorento-s-awd-4d-sport-utility-5xyrldjc3tg480189/
"Lou Fusz Evansville",5XYK53DF3TG455658,2026,Kia,Sportage,SX-Prestige,,E2670204,2026-06-16,https://www.fuszevansville.com/inventory/new-2026-kia-sportage-sx-prestige-fwd-4d-sport-utility-5xyk53df3tg455658/
"Lou Fusz Evansville",5XYPCES1XVG038569,2027,Kia,Telluride,"X-Line EX",,E2782063,2026-06-16,https://www.fuszevansville.com/inventory/new-2027-kia-telluride-x-line-ex-awd-4d-sport-utility-5xypces1xvg038569/
"Lou Fusz Evansville",KNAG64J75T5513006,2026,Kia,K5,"GT-Line AWD",,E2672140,2026-06-29,https://www.fuszevansville.com/inventory/new-2026-kia-k5-gt-line-awd-awd-4d-sedan-knag64j75t5513006/
"Lou Fusz Evansville",KNAG64J78T5512240,2026,Kia,K5,"GT-Line AWD",,E2672139,2026-06-29,https://www.fuszevansville.com/inventory/new-2026-kia-k5-gt-line-awd-awd-4d-sedan-knag64j78t5512240/
"Lou Fusz Evansville",KNAG64J72T5512430,2026,Kia,K5,"GT-Line AWD",,E2672145,2026-07-01,https://www.fuszevansville.com/inventory/new-2026-kia-k5-gt-line-awd-awd-4d-sedan-knag64j72t5512430/
"Lou Fusz Evansville",KNAG64J77T5510432,2026,Kia,K5,"GT-Line AWD",,E2672147,2026-07-01,https://www.fuszevansville.com/inventory/new-2026-kia-k5-gt-line-awd-awd-4d-sedan-knag64j77t5510432/
"Lou Fusz Evansville",KNAG64J72T5510712,2026,Kia,K5,"GT-Line FWD",,E2672144,2026-07-01,https://www.fuszevansville.com/inventory/new-2026-kia-k5-gt-line-fwd-fwd-4d-sedan-knag64j72t5510712/
"Lou Fusz Evansville",7MMVAADW0TN180160,2026,Mazda,"CX-50 Hybrid",Premium,,WM260380,2026-06-25,https://www.fuszevansville.com/inventory/new-2026-mazda-cx-50-hybrid-premium-awd-sport-utility-7mmvaadw0tn180160/
"Lou Fusz Evansville",KNDEDCD36V7025998,2027,Kia,Seltos,"X-Line S",,E2783006,2026-06-29,https://www.fuszevansville.com/inventory/new-2027-kia-seltos-x-line-s-awd-4d-sport-utility-kndedcd36v7025998/
"Lou Fusz Evansville",KNDEDCD39V7023050,2027,Kia,Seltos,"X-Line S",,E2783007,2026-06-29,https://www.fuszevansville.com/inventory/new-2027-kia-seltos-x-line-s-awd-4d-sport-utility-kndedcd39v7023050/
"Lou Fusz Evansville",KNAG64J76T5508431,2026,Kia,K5,"GT-Line FWD",,E2672148,2026-07-01,https://www.fuszevansville.com/inventory/new-2026-kia-k5-gt-line-fwd-fwd-4d-sedan-knag64j76t5508431/
"Lou Fusz Evansville",KNAG64J76T5510079,2026,Kia,K5,"GT-Line FWD",,E2672141,2026-06-29,https://www.fuszevansville.com/inventory/new-2026-kia-k5-gt-line-fwd-fwd-4d-sedan-knag64j76t5510079/
"Lou Fusz Evansville",KNAG64J77T5508082,2026,Kia,K5,"GT-Line FWD",,E2672143,2026-07-01,https://www.fuszevansville.com/inventory/new-2026-kia-k5-gt-line-fwd-fwd-4d-sedan-knag64j77t5508082/
"Lou Fusz Evansville",KNAG64J78T5509841,2026,Kia,K5,"GT-Line FWD",,E2672149,2026-07-01,https://www.fuszevansville.com/inventory/new-2026-kia-k5-gt-line-fwd-fwd-4d-sedan-knag64j78t5509841/
"Lou Fusz Evansville",KNAG64J70T5511051,2026,Kia,K5,"GT-Line AWD",,E2672146,2026-07-01,https://www.fuszevansville.com/inventory/new-2026-kia-k5-gt-line-awd-awd-4d-sedan-knag64j70t5511051/
"Lou Fusz Evansville",KNAG64J74T5510081,2026,Kia,K5,"GT-Line FWD",,E2672138,2026-06-29,https://www.fuszevansville.com/inventory/new-2026-kia-k5-gt-line-fwd-fwd-4d-sedan-knag64j74t5510081/
"Lou Fusz Evansville",KNAG64J75T5508081,2026,Kia,K5,"GT-Line FWD",,E2672135,2026-06-29,https://www.fuszevansville.com/inventory/new-2026-kia-k5-gt-line-fwd-fwd-4d-sedan-knag64j75t5508081/
"Lou Fusz Evansville",KNAG64J79T5510514,2026,Kia,K5,"GT-Line FWD",,E2672150,2026-07-03,https://www.fuszevansville.com/inventory/new-2026-kia-k5-gt-line-fwd-fwd-4d-sedan-knag64j79t5510514/
"Lou Fusz Evansville",KNDEDCD34V7023750,2027,Kia,Seltos,"X-Line S",,E2783008,2026-07-03,https://www.fuszevansville.com/inventory/new-2027-kia-seltos-x-line-s-awd-4d-sport-utility-kndedcd34v7023750/
"Lou Fusz Evansville",KNDEDCD37V7025007,2027,Kia,Seltos,"X-Line S",,E2783010,2026-07-03,https://www.fuszevansville.com/inventory/new-2027-kia-seltos-x-line-s-awd-4d-sport-utility-kndedcd37v7025007/
"Lou Fusz Evansville",KNDEECD74V7029841,2027,Kia,Seltos,"X-Line SX",,E2783011,2026-07-03,https://www.fuszevansville.com/inventory/new-2027-kia-seltos-x-line-sx-awd-4d-sport-utility-kndeecd74v7029841/
"Lou Fusz Evansville",KNAG64J76T5510714,2026,Kia,K5,"GT-Line FWD",,E2672142,2026-07-01,https://www.fuszevansville.com/inventory/new-2026-kia-k5-gt-line-fwd-fwd-4d-sedan-knag64j76t5510714/
"Lou Fusz Evansville",7MMVAABW5TN177435,2026,Mazda,"CX-50 Hybrid",Preferred,,WM260385,2026-06-25,https://www.fuszevansville.com/inventory/new-2026-mazda-cx-50-hybrid-preferred-awd-sport-utility-7mmvaabw5tn177435/
"Lou Fusz Evansville",7MMVAADW6TN180468,2026,Mazda,"CX-50 Hybrid",Premium,,WM260384,2026-06-25,https://www.fuszevansville.com/inventory/new-2026-mazda-cx-50-hybrid-premium-awd-sport-utility-7mmvaadw6tn180468/
"Lou Fusz Evansville",3MVDMBBL1TM207067,2026,Mazda,CX-30,"2.5 S Select Sport",,WM260386,2026-06-26,https://www.fuszevansville.com/inventory/new-2026-mazda-cx-30-2-5-s-select-sport-awd-sport-utility-3mvdmbbl1tm207067/
"Lou Fusz Evansville",JM3KMDHA9T0170595,2026,Mazda,CX-5,"2.5 S Premium",,WM260387,2026-06-26,https://www.fuszevansville.com/inventory/new-2026-mazda-cx-5-2-5-s-premium-awd-sport-utility-jm3kmdha9t0170595/
"Lou Fusz Evansville",5XYPLESAXVG033324,2027,Kia,"Telluride Hybrid","X-Line SX-Prestige",,E2779041,2026-06-26,https://www.fuszevansville.com/inventory/new-2027-kia-telluride-hybrid-x-line-sx-prestige-awd-4d-sport-utility-5xyplesaxvg033324/
"Lou Fusz Evansville",5XYK33DF3TG459487,2026,Kia,Sportage,EX,,E2670211,2026-06-29,https://www.fuszevansville.com/inventory/new-2026-kia-sportage-ex-fwd-4d-sport-utility-5xyk33df3tg459487/
"Lou Fusz Evansville",5XYK33DF8TG454026,2026,Kia,Sportage,EX,,E2670209,2026-06-29,https://www.fuszevansville.com/inventory/new-2026-kia-sportage-ex-fwd-4d-sport-utility-5xyk33df8tg454026/
"Lou Fusz Evansville",JM3KMCHA1T0140016,2026,Mazda,CX-5,"2.5 S Preferred",,WM260388,2026-06-27,https://www.fuszevansville.com/inventory/new-2026-mazda-cx-5-2-5-s-preferred-awd-sport-utility-jm3kmcha1t0140016/
"Lou Fusz Evansville",5XYK43DFXTG458740,2026,Kia,Sportage,SX,,E2670210,2026-06-29,https://www.fuszevansville.com/inventory/new-2026-kia-sportage-sx-fwd-4d-sport-utility-5xyk43dfxtg458740/
"Lou Fusz Evansville",KNDEDCD36V7021174,2027,Kia,Seltos,"X-Line S",,E2783005,2026-06-29,https://www.fuszevansville.com/inventory/new-2027-kia-seltos-x-line-s-awd-4d-sport-utility-kndedcd36v7021174/
"Lou Fusz Evansville",5XYK33DF0TG457258,2026,Kia,Sportage,EX,,E2670206,2026-06-29,https://www.fuszevansville.com/inventory/new-2026-kia-sportage-ex-fwd-4d-sport-utility-5xyk33df0tg457258/
"Lou Fusz Evansville",5XYK33DF0TG457390,2026,Kia,Sportage,EX,,E2670207,2026-06-29,https://www.fuszevansville.com/inventory/new-2026-kia-sportage-ex-fwd-4d-sport-utility-5xyk33df0tg457390/
"Lou Fusz Evansville",5XYK6CDF8TG447469,2026,Kia,Sportage,X-Line,,E2670208,2026-06-29,https://www.fuszevansville.com/inventory/new-2026-kia-sportage-x-line-awd-4d-sport-utility-5xyk6cdf8tg447469/
"Lou Fusz Evansville",5XYPCESA1VG032756,2027,Kia,"Telluride Hybrid",EX,,E2779042,2026-06-29,https://www.fuszevansville.com/inventory/new-2027-kia-telluride-hybrid-ex-awd-4d-sport-utility-5xypcesa1vg032756/
"Lou Fusz Evansville",5XYPCESA4VG033027,2027,Kia,"Telluride Hybrid",EX,,E2779043,2026-06-29,https://www.fuszevansville.com/inventory/new-2027-kia-telluride-hybrid-ex-awd-4d-sport-utility-5xypcesa4vg033027/
"Lou Fusz Evansville",3KPFW4DE7TE363638,2026,Kia,K4,GT-Line,,E2674037,2026-06-30,https://www.fuszevansville.com/inventory/new-2026-kia-k4-gt-line-fwd-4d-sedan-3kpfw4de7te363638/
"Lou Fusz Evansville",JM3KMCHA6T0171505,2026,Mazda,CX-5,"2.5 S Preferred",,WM260390,2026-07-01,https://www.fuszevansville.com/inventory/new-2026-mazda-cx-5-2-5-s-preferred-awd-sport-utility-jm3kmcha6t0171505/
"Lou Fusz Evansville",7MMVAADW1TN150293,2026,Mazda,"CX-50 Hybrid",Premium,,WM260391,2026-07-02,https://www.fuszevansville.com/inventory/new-2026-mazda-cx-50-hybrid-premium-awd-sport-utility-7mmvaadw1tn150293/
"Lou Fusz Evansville",5XYRL4JC4TG455608,2026,Kia,Sorento,S,,E2677136,2026-07-03,https://www.fuszevansville.com/inventory/new-2026-kia-sorento-s-fwd-4d-sport-utility-5xyrl4jc4tg455608/
"Lou Fusz Evansville",5XYK33DF1TG455521,2026,Kia,Sportage,EX,,E2670212,2026-07-03,https://www.fuszevansville.com/inventory/new-2026-kia-sportage-ex-fwd-4d-sport-utility-5xyk33df1tg455521/
"Lou Fusz Evansville",5XYRLDJC1TG482068,2026,Kia,Sorento,S,,E2677137,2026-07-03,https://www.fuszevansville.com/inventory/new-2026-kia-sorento-s-awd-4d-sport-utility-5xyrldjc1tg482068/
"Lou Fusz Evansville",5XYPDESA5VG033308,2027,Kia,"Telluride Hybrid","X-Line SX",,E2779044,2026-07-03,https://www.fuszevansville.com/inventory/new-2027-kia-telluride-hybrid-x-line-sx-awd-4d-sport-utility-5xypdesa5vg033308/
"Lou Fusz Evansville",5XYPLESA6VG034518,2027,Kia,"Telluride Hybrid","X-Line SX Prestige",,E2779045,2026-07-03,https://www.fuszevansville.com/inventory/new-2027-kia-telluride-hybrid-x-line-sx-prestige-awd-4d-sport-utility-5xyplesa6vg034518/
"Lou Fusz Evansville",5XYPLESA6VG034695,2027,Kia,"Telluride Hybrid","X-Line SX Prestige",,E2779046,2026-07-03,https://www.fuszevansville.com/inventory/new-2027-kia-telluride-hybrid-x-line-sx-prestige-awd-4d-sport-utility-5xyplesa6vg034695/
"Lou Fusz Evansville",5XYPLESA7VG034947,2027,Kia,"Telluride Hybrid","X-Line SX Prestige",,E2779047,2026-07-03,https://www.fuszevansville.com/inventory/new-2027-kia-telluride-hybrid-x-line-sx-prestige-awd-4d-sport-utility-5xyplesa7vg034947/
"Lou Fusz Evansville",KNDPVDDG7T7382506,2026,Kia,"Sportage Hybrid",X-Line,,E2676071,2026-07-03,https://www.fuszevansville.com/inventory/new-2026-kia-sportage-hybrid-x-line-awd-4d-sport-utility-kndpvddg7t7382506/
"Lou Fusz Evansville",5XYPDESA9VG033621,2027,Kia,"Telluride Hybrid","X-Line SX",,E2779048,2026-07-06,https://www.fuszevansville.com/inventory/new-2027-kia-telluride-hybrid-x-line-sx-awd-4d-sport-utility-5xypdesa9vg033621/
